-- phpMyAdmin SQL Dump
-- version 5.2.1
-- https://www.phpmyadmin.net/
--
-- Host: localhost:3307
-- Generation Time: Jul 21, 2024 at 09:41 AM
-- Server version: 10.4.32-MariaDB
-- PHP Version: 8.2.12

SET SQL_MODE = "NO_AUTO_VALUE_ON_ZERO";
START TRANSACTION;
SET time_zone = "+00:00";

CREATE DATABASE IF NOT EXISTS bijoux_clean_data;
USE bijoux_clean_data;
/*!40101 SET @OLD_CHARACTER_SET_CLIENT=@@CHARACTER_SET_CLIENT */;
/*!40101 SET @OLD_CHARACTER_SET_RESULTS=@@CHARACTER_SET_RESULTS */;
/*!40101 SET @OLD_COLLATION_CONNECTION=@@COLLATION_CONNECTION */;
/*!40101 SET NAMES utf8mb4 */;

--
-- Database: `bijoux_clear_data`
--

-- --------------------------------------------------------

--
-- Table structure for table `account`
--

CREATE TABLE `account` (
  `id` int(11) NOT NULL,
  `imageUrl` text DEFAULT NULL,
  `username` varchar(200) DEFAULT NULL,
  `password` varchar(200) DEFAULT NULL,
  `phone` varchar(200) DEFAULT NULL,
  `dob` date DEFAULT NULL,
  `email` varchar(200) NOT NULL,
  `google_id` varchar(255) DEFAULT NULL,
  `fullname` text NOT NULL,
  `address` text DEFAULT NULL,
  `deactivated` tinyint(1) NOT NULL,
  `deactivated_date` datetime DEFAULT NULL,
  `role_id` int(11) NOT NULL,
  `created` datetime NOT NULL,
  `status` tinyint(1) NOT NULL,
  `security_code` int(6) DEFAULT NULL
) ENGINE=InnoDB DEFAULT CHARSET=utf8mb4 COLLATE=utf8mb4_general_ci;

--
-- Dumping data for table `account`
--

INSERT INTO `account` (`id`, `imageUrl`, `username`, `password`, `phone`, `dob`, `email`, `google_id`, `fullname`, `address`, `deactivated`, `deactivated_date`, `role_id`, `created`, `status`, `security_code`) VALUES
(1, 'main.jpg', 'designstaff1', '$2y$12$89jWTJkwguXdA/N1lqo3fOLXkiUkyGNrykTTBu30AuAyAMOTFjRfW', '12345678', '1990-01-01', 'user1@example.com', NULL, 'Nguyen Van A', 'Hà Nội', 0, NULL, 3, '2024-07-01 21:55:39', 1, NULL),
(2, 'main.jpg', 'productionstaff1', '$2y$12$89jWTJkwguXdA/N1lqo3fOLXkiUkyGNrykTTBu30AuAyAMOTFjRfW', '67234243', '1992-02-02', 'user2@example.com', NULL, 'Nguyen Van B', 'Hồ Chí Minh', 0, NULL, 4, '2024-07-01 21:55:41', 1, NULL),
(3, 'main.jpg', 'manager1', '$2y$12$89jWTJkwguXdA/N1lqo3fOLXkiUkyGNrykTTBu30AuAyAMOTFjRfW', '12345654', '1994-03-03', 'user3@example.com', NULL, 'Nguyen Van C', 'Đà Nẵng', 0, NULL, 1, '2024-07-01 21:55:43', 1, NULL),
(4, 'main.jpg', 'salestaff1', '$2y$12$89jWTJkwguXdA/N1lqo3fOLXkiUkyGNrykTTBu30AuAyAMOTFjRfW', '49328432', '1996-04-04', 'user4@example.com', NULL, 'Nguyen Van D', 'Hải Phòng', 0, NULL, 2, '2024-07-01 21:55:46', 1, NULL),
(5, 'main.jpg', 'user5', '$2y$12$89jWTJkwguXdA/N1lqo3fOLXkiUkyGNrykTTBu30AuAyAMOTFjRfW', '78965432', '1998-05-05', 'user5@example.com', NULL, 'Nguyen Van E', 'Huế', 0, NULL, 5, '2024-07-01 21:55:48', 1, NULL),
(6, 'main.jpg', 'user6', '$2y$12$89jWTJkwguXdA/N1lqo3fOLXkiUkyGNrykTTBu30AuAyAMOTFjRfW', '108602432', '2000-06-04', 'user6@example.com', NULL, 'Nguyen Van A', 'Hà Nội', 0, NULL, 1, '2024-07-01 21:55:50', 1, NULL),
(7, 'main.jpg', 'user7', '$2y$12$89jWTJkwguXdA/N1lqo3fOLXkiUkyGNrykTTBu30AuAyAMOTFjRfW', '138239432', '2002-07-05', 'user5@example.com', NULL, 'Nguyen Van B', 'Hồ Chí Minh', 0, NULL, 2, '2024-07-01 21:55:52', 1, NULL),
(8, 'main.jpg', 'user8', '$2y$12$89jWTJkwguXdA/N1lqo3fOLXkiUkyGNrykTTBu30AuAyAMOTFjRfW', '167876432', '2004-08-04', 'user4@example.com', NULL, 'Nguyen Van C', 'Đà Nẵng', 0, NULL, 3, '2024-07-01 21:55:55', 1, NULL),
(9, 'main.jpg', 'user9', '$2y$12$89jWTJkwguXdA/N1lqo3fOLXkiUkyGNrykTTBu30AuAyAMOTFjRfW', '197513432', '1980-09-04', 'user5@example.com', NULL, 'Nguyen Van D', 'Hải Phòng', 0, NULL, 4, '2024-07-01 21:55:56', 1, NULL),
(10, 'main.jpg', 'user10', '$2y$12$89jWTJkwguXdA/N1lqo3fOLXkiUkyGNrykTTBu30AuAyAMOTFjRfW', '227150432', '1999-10-04', 'user4@example.com', NULL, 'Nguyen Van E', 'Huế', 0, NULL, 5, '2024-07-01 21:55:58', 1, NULL),
(11, 'main.jpg', 'user11', '$2y$12$89jWTJkwguXdA/N1lqo3fOLXkiUkyGNrykTTBu30AuAyAMOTFjRfW', '256787432', '2000-11-04', 'user5@example.com', NULL, 'Nguyen Van A', 'Quảng Ninh', 1, '2024-06-15 00:00:00', 5, '2024-07-01 21:56:00', 1, NULL),
(12, '1718547575_12.jpg', 'dfg', '$2y$12$bx4gGwdTLTpYBwpUHI6DQOY8Qxal4LAdrwv2/rG4bjHoB2mPbQYni', NULL, NULL, 'dfg@gmail.com', NULL, 'dfg', 'qwe', 0, '0000-01-01 00:00:00', 1, '2024-07-01 21:56:02', 1, NULL),
(13, 'https://lh3.googleusercontent.com/a/ACg8ocKE-onMbB1C4Rn8TIwvLorwR1vzxDSRblhaY43UxLEzkVMP-jsb=s96-c', NULL, NULL, '88888888', NULL, 'hanguyenhao.20april@gmail.com', '100097694041824305720', 'h Hào', '123 lộc', 0, NULL, 5, '2024-07-01 21:56:03', 1, NULL),
(14, 'https://lh3.googleusercontent.com/a/ACg8ocIbF3Qg_6_03YBGeH0cfuPgXOsGH29HOYzUA69FPBpai-xOWQ=s96-c', NULL, NULL, '+84896893636', NULL, 'lochmse182366@fpt.edu.vn', '100826371641594181419', 'Hoang Minh Loc (K18 HCM)', '123, Tản Đà, Quận 5, TP HCM', 0, NULL, 5, '2024-07-01 21:56:06', 1, NULL);

-- --------------------------------------------------------

--
-- Table structure for table `cache`
--

CREATE TABLE `cache` (
  `key` varchar(255) NOT NULL,
  `value` mediumtext NOT NULL,
  `expiration` int(11) NOT NULL
) ENGINE=InnoDB DEFAULT CHARSET=utf8mb4 COLLATE=utf8mb4_unicode_ci;

-- --------------------------------------------------------

--
-- Table structure for table `cache_locks`
--

CREATE TABLE `cache_locks` (
  `key` varchar(255) NOT NULL,
  `owner` varchar(255) NOT NULL,
  `expiration` int(11) NOT NULL
) ENGINE=InnoDB DEFAULT CHARSET=utf8mb4 COLLATE=utf8mb4_unicode_ci;

-- --------------------------------------------------------

--
-- Table structure for table `design_process`
--

CREATE TABLE `design_process` (
  `id` int(11) NOT NULL,
  `order_id` int(11) NOT NULL,
  `imageUrl` text NOT NULL,
  `note` longtext DEFAULT NULL,
  `mounting_type_id` int(11) DEFAULT NULL,
  `mounting_size` double DEFAULT NULL,
  `design_process_status_id` int(11) NOT NULL,
  `production_price` double NOT NULL,
  `profit_rate` double NOT NULL,
  `product_price` double NOT NULL,
  `total_price` double NOT NULL,
  `created` datetime NOT NULL
) ENGINE=InnoDB DEFAULT CHARSET=utf8mb4 COLLATE=utf8mb4_general_ci;

-- --------------------------------------------------------

--
-- Table structure for table `design_process_status`
--

CREATE TABLE `design_process_status` (
  `id` int(11) NOT NULL,
  `name` text NOT NULL
) ENGINE=InnoDB DEFAULT CHARSET=utf8mb4 COLLATE=utf8mb4_general_ci;

--
-- Dumping data for table `design_process_status`
--

INSERT INTO `design_process_status` (`id`, `name`) VALUES
(1, 'Pending '),
(2, 'Priced'),
(3, 'Approved'),
(4, 'Cancelled');

-- --------------------------------------------------------

--
-- Table structure for table `diamond`
--

CREATE TABLE `diamond` (
  `id` int(11) NOT NULL,
  `size` double NOT NULL,
  `imageUrl` text NOT NULL,
  `diamond_color_id` int(11) NOT NULL,
  `diamond_cut_id` int(11) NOT NULL,
  `diamond_origin_id` int(11) NOT NULL,
  `diamond_clarity_id` int(11) NOT NULL,
  `price` double NOT NULL,
  `deactivated` tinyint(1) NOT NULL,
  `created` datetime NOT NULL
) ENGINE=InnoDB DEFAULT CHARSET=utf8mb4 COLLATE=utf8mb4_general_ci;

--
-- Dumping data for table `diamond`
--

INSERT INTO `diamond` (`id`, `size`, `imageUrl`, `diamond_color_id`, `diamond_cut_id`, `diamond_origin_id`, `diamond_clarity_id`, `price`, `deactivated`, `created`) VALUES
(1, 5.2, 'D_IF.jpg', 1, 1, 1, 1, 54500000, 0, '2024-08-06 00:00:00'),
(2, 5.2, 'D_VVS1.jpg', 1, 1, 1, 2, 52800000, 0, '2024-08-06 00:00:00'),
(3, 5.2, 'D_VVS2.jpg', 1, 1, 1, 3, 49800000, 0, '2024-08-06 00:00:00'),
(4, 5.2, 'D_VS1.jpg', 1, 1, 1, 4, 46600000, 0, '2024-08-06 00:00:00'),
(5, 5.2, 'D_VS2.jpg', 1, 1, 1, 5, 42100000, 0, '2024-08-06 00:00:00'),
(6, 5.2, 'E_IF.jpg', 2, 1, 1, 1, 52000000, 0, '2024-08-06 00:00:00'),
(7, 5.2, 'E_VVS1.jpg', 2, 1, 1, 2, 50200000, 0, '2024-08-06 00:00:00'),
(8, 5.2, 'E_VVS2.jpg', 2, 1, 1, 3, 47200000, 0, '2024-08-06 00:00:00'),
(9, 5.2, 'E_VS1.jpg', 2, 1, 1, 4, 45100000, 0, '2024-08-06 00:00:00'),
(10, 5.2, 'E_VS2.jpg', 2, 1, 1, 5, 40800000, 0, '2024-08-06 00:00:00'),
(11, 5.2, 'F_IF.jpg', 3, 1, 1, 1, 35000000, 0, '2024-08-06 00:00:00'),
(12, 5.2, 'F_VVS1.jpg', 3, 1, 1, 2, 33300000, 0, '2024-08-06 00:00:00'),
(13, 5.2, 'F_VVS2.jpg', 3, 1, 1, 3, 45500000, 0, '2024-08-06 00:00:00'),
(14, 5.2, 'F_VS1.jpg', 3, 1, 1, 4, 43200000, 0, '2024-08-06 00:00:00'),
(15, 5.2, 'F_VS2.jpg', 3, 1, 1, 5, 38600000, 0, '2024-08-06 00:00:00'),
(16, 5.2, 'J_IF.jpg', 4, 1, 1, 1, 32000000, 0, '2024-08-06 00:00:00'),
(17, 5.2, 'J_VVS1.jpg', 4, 1, 1, 2, 31100000, 0, '2024-08-06 00:00:00'),
(18, 5.2, 'J_VVS2.jpg', 4, 1, 1, 3, 43000000, 0, '2024-08-06 00:00:00'),
(19, 5.2, 'J_VS1.jpg', 4, 1, 1, 4, 40800000, 0, '2024-08-06 00:00:00'),
(20, 5.2, 'J_VS2.jpg', 4, 1, 1, 5, 36500000, 0, '2024-08-06 00:00:00'),
(21, 6.8, 'D_IF.jpg', 1, 1, 1, 1, 340000000, 0, '2024-08-06 00:00:00'),
(22, 6.8, 'D_VVS1.jpg', 1, 1, 1, 2, 338000000, 0, '2024-08-06 00:00:00'),
(23, 6.8, 'D_VVS2.jpg', 1, 1, 1, 3, 326000000, 0, '2024-08-06 00:00:00'),
(24, 6.8, 'D_VS1.jpg', 1, 1, 1, 4, 315800000, 0, '2024-08-06 00:00:00'),
(25, 6.8, 'D_VS2.jpg', 1, 1, 1, 5, 300600000, 0, '2024-08-06 00:00:00'),
(26, 6.8, 'E_IF.jpg', 2, 1, 1, 1, 338000000, 0, '2024-08-06 00:00:00'),
(27, 6.8, 'E_VVS1.jpg', 2, 1, 1, 2, 330000000, 0, '2024-08-06 00:00:00'),
(28, 6.8, 'E_VVS2.jpg', 2, 1, 1, 3, 325200000, 0, '2024-08-06 00:00:00'),
(29, 6.8, 'E_VS1.jpg', 2, 1, 1, 4, 311600000, 0, '2024-08-06 00:00:00'),
(30, 6.8, 'E_VS2.jpg', 2, 1, 1, 5, 292000000, 0, '2024-08-06 00:00:00'),
(31, 6.8, 'F_IF.jpg', 3, 1, 1, 1, 299600000, 0, '2024-08-06 00:00:00'),
(32, 6.8, 'F_VVS1.jpg', 3, 1, 1, 2, 295000000, 0, '2024-08-06 00:00:00'),
(33, 6.8, 'F_VVS2.jpg', 3, 1, 1, 3, 291100000, 0, '2024-08-06 00:00:00'),
(34, 6.8, 'F_VS1.jpg', 3, 1, 1, 4, 284000000, 0, '2024-08-06 00:00:00'),
(35, 6.8, 'F_VS2.jpg', 3, 1, 1, 5, 282000000, 0, '2024-08-06 00:00:00'),
(36, 6.8, 'J_IF.jpg', 4, 1, 1, 1, 140000000, 0, '2024-08-06 00:00:00'),
(37, 6.8, 'J_VVS1.jpg', 4, 1, 1, 2, 138000000, 0, '2024-08-06 00:00:00'),
(38, 6.8, 'J_VVS2.jpg', 4, 1, 1, 3, 136100000, 0, '2024-08-06 00:00:00'),
(39, 6.8, 'J_VS1.jpg', 4, 1, 1, 4, 134000000, 0, '2024-08-06 00:00:00'),
(40, 6.8, 'J_VS2.jpg', 4, 1, 1, 5, 112600000, 0, '2024-08-06 00:00:00'),
(41, 7.2, 'D_IF.jpg', 1, 1, 1, 1, 450000000, 0, '2024-08-06 00:00:00'),
(42, 7.2, 'D_VVS1.jpg', 1, 1, 1, 2, 430000000, 0, '2024-08-06 00:00:00'),
(43, 7.2, 'D_VVS2.jpg', 1, 1, 1, 3, 418800000, 0, '2024-08-06 00:00:00'),
(44, 7.2, 'D_VS1.jpg', 1, 1, 1, 4, 416000000, 0, '2024-08-06 00:00:00'),
(45, 7.2, 'D_VS2.jpg', 1, 1, 1, 5, 415000000, 0, '2024-08-06 00:00:00'),
(46, 7.2, 'E_IF.jpg', 2, 1, 1, 1, 435000000, 0, '2024-08-06 00:00:00'),
(47, 7.2, 'E_VVS1.jpg', 2, 1, 1, 2, 415800000, 0, '2024-08-06 00:00:00'),
(48, 7.2, 'E_VVS2.jpg', 2, 1, 1, 3, 403600000, 0, '2024-08-06 00:00:00'),
(49, 7.2, 'E_VS1.jpg', 2, 1, 1, 4, 401200000, 0, '2024-08-06 00:00:00'),
(50, 7.2, 'E_VS2.jpg', 2, 1, 1, 5, 399600000, 0, '2024-08-06 00:00:00'),
(51, 7.2, 'F_IF.jpg', 3, 1, 1, 1, 420200000, 0, '2024-08-06 00:00:00'),
(52, 7.2, 'F_VVS1.jpg', 3, 1, 1, 2, 400000000, 0, '2024-08-06 00:00:00'),
(53, 7.2, 'F_VVS2.jpg', 3, 1, 1, 3, 384600000, 0, '2024-08-06 00:00:00'),
(54, 7.2, 'F_VS1.jpg', 3, 1, 1, 4, 383000000, 0, '2024-08-06 00:00:00'),
(55, 7.2, 'F_VS2.jpg', 3, 1, 1, 5, 374600000, 0, '2024-08-06 00:00:00'),
(56, 7.2, 'J_IF.jpg', 4, 1, 1, 1, 198800000, 0, '2024-08-06 00:00:00'),
(57, 7.2, 'J_VVS1.jpg', 4, 1, 1, 2, 196000000, 0, '2024-08-06 00:00:00'),
(58, 7.2, 'J_VVS2.jpg', 4, 1, 1, 3, 172000000, 0, '2024-08-06 00:00:00'),
(59, 7.2, 'J_VS1.jpg', 4, 1, 1, 4, 168000000, 0, '2024-08-06 00:00:00'),
(60, 7.2, 'J_VS2.jpg', 4, 1, 1, 5, 166200000, 0, '2024-08-06 00:00:00'),
(61, 5.2, 'D_IF.jpg', 1, 1, 2, 1, 10000000, 0, '2024-08-06 00:00:00'),
(62, 5.2, 'D_VVS1.jpg', 1, 1, 2, 2, 11250000, 0, '2024-08-06 00:00:00'),
(63, 5.2, 'D_VVS2.jpg', 1, 1, 2, 3, 12500000, 0, '2024-08-06 00:00:00'),
(64, 5.2, 'D_VS1.jpg', 1, 1, 2, 4, 13750000, 0, '2024-08-06 00:00:00'),
(65, 5.2, 'D_VS2.jpg', 1, 1, 2, 5, 15000000, 0, '2024-08-06 00:00:00'),
(66, 5.2, 'E_IF.jpg', 2, 1, 2, 1, 10000000, 0, '2024-08-06 00:00:00'),
(67, 5.2, 'E_VVS1.jpg', 2, 1, 2, 2, 11000000, 0, '2024-08-06 00:00:00'),
(68, 5.2, 'E_VVS2.jpg', 2, 1, 2, 3, 12000000, 0, '2024-08-06 00:00:00'),
(69, 5.2, 'E_VS1.jpg', 2, 1, 2, 4, 13000000, 0, '2024-08-06 00:00:00'),
(70, 5.2, 'E_VS2.jpg', 2, 1, 2, 5, 14000000, 0, '2024-08-06 00:00:00'),
(71, 5.2, 'F_IF.jpg', 3, 1, 2, 1, 9000000, 0, '2024-08-06 00:00:00'),
(72, 5.2, 'F_VVS1.jpg', 3, 1, 2, 2, 10000000, 0, '2024-08-06 00:00:00'),
(73, 5.2, 'F_VVS2.jpg', 3, 1, 2, 3, 11000000, 0, '2024-08-06 00:00:00'),
(74, 5.2, 'F_VS1.jpg', 3, 1, 2, 4, 12000000, 0, '2024-08-06 00:00:00'),
(75, 5.2, 'F_VS2.jpg', 3, 1, 2, 5, 13000000, 0, '2024-08-06 00:00:00'),
(76, 5.2, 'J_IF.jpg', 4, 1, 2, 1, 8000000, 0, '2024-08-06 00:00:00'),
(77, 5.2, 'J_VVS1.jpg', 4, 1, 2, 2, 9125000, 0, '2024-08-06 00:00:00'),
(78, 5.2, 'J_VVS2.jpg', 4, 1, 2, 3, 10250000, 0, '2024-08-06 00:00:00'),
(79, 5.2, 'J_VS1.jpg', 4, 1, 2, 4, 11375000, 0, '2024-08-06 00:00:00'),
(80, 5.2, 'J_VS2.jpg', 4, 1, 2, 5, 12500000, 0, '2024-08-06 00:00:00'),
(81, 6.8, 'D_IF.jpg', 1, 1, 2, 1, 24480000, 0, '2024-08-06 00:00:00'),
(82, 6.8, 'D_VVS1.jpg', 1, 1, 2, 2, 26910000, 0, '2024-08-06 00:00:00'),
(83, 6.8, 'D_VVS2.jpg', 1, 1, 2, 3, 29340000, 0, '2024-08-06 00:00:00'),
(84, 6.8, 'D_VS1.jpg', 1, 1, 2, 4, 31770000, 0, '2024-08-06 00:00:00'),
(85, 6.8, 'D_VS2.jpg', 1, 1, 2, 5, 34200000, 0, '2024-08-06 00:00:00'),
(86, 6.8, 'E_IF.jpg', 2, 1, 2, 1, 22440000, 0, '2024-08-06 00:00:00'),
(87, 6.8, 'E_VVS1.jpg', 2, 1, 2, 2, 24421500, 0, '2024-08-06 00:00:00'),
(88, 6.8, 'E_VVS2.jpg', 2, 1, 2, 3, 26403000, 0, '2024-08-06 00:00:00'),
(89, 6.8, 'E_VS1.jpg', 2, 1, 2, 4, 28384500, 0, '2024-08-06 00:00:00'),
(90, 6.8, 'E_VS2.jpg', 2, 1, 2, 5, 30366000, 0, '2024-08-06 00:00:00'),
(91, 6.8, 'F_IF.jpg', 3, 1, 2, 1, 21400000, 0, '2024-08-06 00:00:00'),
(92, 6.8, 'F_VVS1.jpg', 3, 1, 2, 2, 23085000, 0, '2024-08-06 00:00:00'),
(93, 6.8, 'F_VVS2.jpg', 3, 1, 2, 3, 24770000, 0, '2024-08-06 00:00:00'),
(94, 6.8, 'F_VS1.jpg', 3, 1, 2, 4, 26455000, 0, '2024-08-06 00:00:00'),
(95, 6.8, 'F_VS2.jpg', 3, 1, 2, 5, 28140000, 0, '2024-08-06 00:00:00'),
(96, 6.8, 'J_IF.jpg', 4, 1, 2, 1, 20400000, 0, '2024-08-06 00:00:00'),
(97, 6.8, 'J_VVS1.jpg', 4, 1, 2, 2, 22050000, 0, '2024-08-06 00:00:00'),
(98, 6.8, 'J_VVS2.jpg', 4, 1, 2, 3, 23700000, 0, '2024-08-06 00:00:00'),
(99, 6.8, 'J_VS1.jpg', 4, 1, 2, 4, 25350000, 0, '2024-08-06 00:00:00'),
(100, 6.8, 'J_VS2.jpg', 4, 1, 2, 5, 27000000, 0, '2024-08-06 00:00:00'),
(101, 7.2, 'D_IF.jpg', 1, 1, 2, 1, 42330000, 0, '2024-08-06 00:00:00'),
(102, 7.2, 'D_VVS1.jpg', 1, 1, 2, 2, 46890000, 0, '2024-08-06 00:00:00'),
(103, 7.2, 'D_VVS2.jpg', 1, 1, 2, 3, 51450000, 0, '2024-08-06 00:00:00'),
(104, 7.2, 'D_VS1.jpg', 1, 1, 2, 4, 56010000, 0, '2024-08-06 00:00:00'),
(105, 7.2, 'D_VS2.jpg', 1, 1, 2, 5, 60570000, 0, '2024-08-06 00:00:00'),
(106, 7.2, 'E_IF.jpg', 2, 1, 2, 1, 39600000, 0, '2024-08-06 00:00:00'),
(107, 7.2, 'E_VVS1.jpg', 2, 1, 2, 2, 44047500, 0, '2024-08-06 00:00:00'),
(108, 7.2, 'E_VVS2.jpg', 2, 1, 2, 3, 48495000, 0, '2024-08-06 00:00:00'),
(109, 7.2, 'E_VS1.jpg', 2, 1, 2, 4, 52942500, 0, '2024-08-06 00:00:00'),
(110, 7.2, 'E_VS2.jpg', 2, 1, 2, 5, 57390000, 0, '2024-08-06 00:00:00'),
(111, 7.2, 'F_IF.jpg', 3, 1, 2, 1, 37950000, 0, '2024-08-06 00:00:00'),
(112, 7.2, 'F_VVS1.jpg', 3, 1, 2, 2, 41525000, 0, '2024-08-06 00:00:00'),
(113, 7.2, 'F_VVS2.jpg', 3, 1, 2, 3, 45100000, 0, '2024-08-06 00:00:00'),
(114, 7.2, 'F_VS1.jpg', 3, 1, 2, 4, 48675000, 0, '2024-08-06 00:00:00'),
(115, 7.2, 'F_VS2.jpg', 3, 1, 2, 5, 52250000, 0, '2024-08-06 00:00:00'),
(116, 7.2, 'J_IF.jpg', 4, 1, 2, 1, 37000000, 0, '2024-08-06 00:00:00'),
(117, 7.2, 'J_VVS1.jpg', 4, 1, 2, 2, 40625000, 0, '2024-08-06 00:00:00'),
(118, 7.2, 'J_VVS2.jpg', 4, 1, 2, 3, 44250000, 0, '2024-08-06 00:00:00'),
(119, 7.2, 'J_VS1.jpg', 4, 1, 2, 4, 47875000, 0, '2024-08-06 00:00:00'),
(120, 7.2, 'J_VS2.jpg', 4, 1, 2, 5, 51500000, 0, '2024-08-06 00:00:00'),
(121, 1, 'D_IF.jpg', 1, 1, 1, 1, 150000, 0, '2024-08-06 00:00:00'),
(122, 1, 'D_VVS1.jpg', 1, 1, 1, 2, 130000, 0, '2024-08-06 00:00:00'),
(123, 1, 'D_VVS2.jpg', 1, 1, 1, 3, 90000, 0, '2024-08-06 00:00:00'),
(124, 1, 'D_VS1.jpg', 1, 1, 1, 4, 75000, 0, '2024-08-06 00:00:00'),
(125, 1, 'D_VS2.jpg', 1, 1, 1, 5, 70000, 0, '2024-08-06 00:00:00'),
(126, 1, 'E_VVS1.jpg', 2, 1, 1, 2, 130000, 0, '2024-08-06 00:00:00'),
(127, 1, 'E_VVS2.jpg', 2, 1, 1, 3, 90000, 0, '2024-08-06 00:00:00'),
(128, 1, 'E_VS1.jpg', 2, 1, 1, 4, 75000, 0, '2024-08-06 00:00:00'),
(129, 1, 'E_VS2.jpg', 2, 1, 1, 5, 70000, 0, '2024-08-06 00:00:00'),
(130, 1, 'E_IF.jpg', 2, 1, 1, 1, 150000, 0, '2024-08-06 00:00:00'),
(131, 1, 'F_VVS1.jpg', 3, 1, 1, 2, 130000, 0, '2024-08-06 00:00:00'),
(132, 1, 'F_VVS2.jpg', 3, 1, 1, 3, 90000, 0, '2024-08-06 00:00:00'),
(133, 1, 'F_VS1.jpg', 3, 1, 1, 4, 75000, 0, '2024-08-06 00:00:00'),
(134, 1, 'F_VS2.jpg', 3, 1, 1, 5, 70000, 0, '2024-08-06 00:00:00'),
(135, 1, 'F_IF.jpg', 3, 1, 1, 1, 150000, 0, '2024-08-06 00:00:00'),
(136, 1, 'J_IF.jpg', 4, 1, 1, 1, 150000, 0, '2024-08-06 00:00:00'),
(137, 1, 'J_VVS1.jpg', 4, 1, 1, 2, 130000, 0, '2024-08-06 00:00:00'),
(138, 1, 'J_VVS2.jpg', 4, 1, 1, 3, 90000, 0, '2024-08-06 00:00:00'),
(139, 1, 'J_VS1.jpg', 4, 1, 1, 4, 75000, 0, '2024-08-06 00:00:00'),
(140, 1, 'J_VS2.jpg', 4, 1, 1, 5, 70000, 0, '2024-08-06 00:00:00'),
(141, 1, 'D_IF.jpg', 1, 1, 2, 1, 130000, 0, '2024-08-06 00:00:00'),
(142, 1, 'D_VVS1.jpg', 1, 1, 2, 2, 110000, 0, '2024-08-06 00:00:00'),
(143, 1, 'D_VVS2.jpg', 1, 1, 2, 3, 80000, 0, '2024-08-06 00:00:00'),
(144, 1, 'D_VS1.jpg', 1, 1, 2, 4, 70000, 0, '2024-08-06 00:00:00'),
(145, 1, 'D_VS2.jpg', 1, 1, 2, 5, 60000, 0, '2024-08-06 00:00:00'),
(146, 1, 'E_VVS1.jpg', 2, 1, 2, 2, 110000, 0, '2024-08-06 00:00:00'),
(147, 1, 'E_VVS2.jpg', 2, 1, 2, 3, 80000, 0, '2024-08-06 00:00:00'),
(148, 1, 'E_VS1.jpg', 2, 1, 2, 4, 70000, 0, '2024-08-06 00:00:00'),
(149, 1, 'E_VS2.jpg', 2, 1, 2, 5, 60000, 0, '2024-08-06 00:00:00'),
(150, 1, 'E_IF.jpg', 2, 1, 2, 1, 130000, 0, '2024-08-06 00:00:00'),
(151, 1, 'F_VVS1.jpg', 3, 1, 2, 2, 110000, 0, '2024-08-06 00:00:00'),
(152, 1, 'F_VVS2.jpg', 3, 1, 2, 3, 80000, 0, '2024-08-06 00:00:00'),
(153, 1, 'F_VS1.jpg', 3, 1, 2, 4, 70000, 0, '2024-08-06 00:00:00'),
(154, 1, 'F_VS2.jpg', 3, 1, 2, 5, 60000, 0, '2024-08-06 00:00:00'),
(155, 1, 'F_IF.jpg', 3, 1, 2, 1, 130000, 0, '2024-08-06 00:00:00'),
(156, 1, 'J_IF.jpg', 4, 1, 2, 1, 130000, 0, '2024-08-06 00:00:00'),
(157, 1, 'J_VVS1.jpg', 4, 1, 2, 2, 110000, 0, '2024-08-06 00:00:00'),
(158, 1, 'J_VVS2.jpg', 4, 1, 2, 3, 80000, 0, '2024-08-06 00:00:00'),
(159, 1, 'J_VS1.jpg', 4, 1, 2, 4, 70000, 0, '2024-08-06 00:00:00'),
(160, 1, 'J_VS2.jpg', 4, 1, 2, 5, 60000, 0, '2024-08-06 00:00:00');

-- --------------------------------------------------------

--
-- Table structure for table `diamond_clarity`
--

CREATE TABLE `diamond_clarity` (
  `id` int(11) NOT NULL,
  `name` text NOT NULL
) ENGINE=InnoDB DEFAULT CHARSET=utf8mb4 COLLATE=utf8mb4_general_ci;

--
-- Dumping data for table `diamond_clarity`
--

INSERT INTO `diamond_clarity` (`id`, `name`) VALUES
(1, 'IF'),
(2, 'VVS1'),
(3, 'VVS2'),
(4, 'VS1'),
(5, 'VS2');

-- --------------------------------------------------------

--
-- Table structure for table `diamond_color`
--

CREATE TABLE `diamond_color` (
  `id` int(11) NOT NULL,
  `name` text NOT NULL
) ENGINE=InnoDB DEFAULT CHARSET=utf8mb4 COLLATE=utf8mb4_general_ci;

--
-- Dumping data for table `diamond_color`
--

INSERT INTO `diamond_color` (`id`, `name`) VALUES
(1, 'D'),
(2, 'E'),
(3, 'F'),
(4, 'J');

-- --------------------------------------------------------

--
-- Table structure for table `diamond_cut`
--

CREATE TABLE `diamond_cut` (
  `id` int(11) NOT NULL,
  `name` text NOT NULL
) ENGINE=InnoDB DEFAULT CHARSET=utf8mb4 COLLATE=utf8mb4_general_ci;

--
-- Dumping data for table `diamond_cut`
--

INSERT INTO `diamond_cut` (`id`, `name`) VALUES
(1, 'Excellent ');

-- --------------------------------------------------------

--
-- Table structure for table `diamond_origin`
--

CREATE TABLE `diamond_origin` (
  `id` int(11) NOT NULL,
  `name` text NOT NULL
) ENGINE=InnoDB DEFAULT CHARSET=utf8mb4 COLLATE=utf8mb4_general_ci;

--
-- Dumping data for table `diamond_origin`
--

INSERT INTO `diamond_origin` (`id`, `name`) VALUES
(1, 'Natural'),
(2, 'Lab Grown');

-- --------------------------------------------------------

--
-- Table structure for table `diamond_shape`
--

CREATE TABLE `diamond_shape` (
  `id` int(11) NOT NULL,
  `name` text NOT NULL,
  `drawing_path` longtext NOT NULL
) ENGINE=InnoDB DEFAULT CHARSET=utf8mb4 COLLATE=utf8mb4_general_ci;

--
-- Dumping data for table `diamond_shape`
--

INSERT INTO `diamond_shape` (`id`, `name`, `drawing_path`) VALUES
(1, 'Round', 'm 9.017 0 l 0.132 0.001 m 0 0 A 8 8 0 1 1 8.85 16 A 8 8 0 0 1 9.15 0 Z M 6.707 13.565 l -3.141 0.113 a 7.83 7.83 0 0 0 5.287 2.18 h 0.007 Z m 4.607 -0.01 l -2.142 2.303 a 7.83 7.83 0 0 0 5.284 -2.202 Z m -2.316 -0.97 l -2.169 0.904 l 2.186 2.33 l 2.172 -2.333 Z m -5.414 -2.23 l -0.101 3.184 l 3.17 -0.113 l -0.91 -2.182 Z m 10.84 -0.031 l -2.175 0.907 l -0.9 2.185 l 3.19 0.102 Z M 1.144 8.172 a 7.83 7.83 0 0 0 2.201 5.285 l 0.1 -3.143 Z m 15.714 -0.03 l -2.292 2.15 l 0.113 3.142 a 7.83 7.83 0 0 0 2.18 -5.287 Z M 5.928 11.32 l 0.85 2.037 l 2.036 -0.849 Z m 6.137 -0.013 l -2.882 1.2 l 2.041 0.841 Z M 8.98 3.538 L 5.84 4.847 L 4.543 7.994 l 1.309 3.141 l 3.147 1.297 l 3.14 -1.31 l 1.297 -3.147 l -1.309 -3.141 Z m -4.513 4.64 l -0.84 2.042 l 2.04 0.84 Z m 9.046 -0.018 l -1.188 2.886 l 2.037 -0.849 Z M 3.494 5.846 L 1.182 8.016 l 2.312 2.153 l 0.896 -2.175 Z m 10.988 -0.037 l -0.893 2.167 l 0.91 2.184 l 2.319 -2.176 Z M 3.322 2.567 a 7.83 7.83 0 0 0 -2.18 5.287 v 0.006 l 2.292 -2.151 Z m 11.333 -0.022 l -0.1 3.142 l 2.301 2.142 a 7.83 7.83 0 0 0 -2.201 -5.284 Z m -9.001 2.38 l -2.037 0.848 l 0.849 2.037 Z m 6.658 -0.015 l 1.2 2.881 l 0.84 -2.04 Z m -8.85 -2.427 l 0.112 3.155 l 2.157 -0.899 l 0.887 -2.156 Z m 11.055 -0.022 l -3.178 0.113 l 0.896 2.152 l 2.182 0.899 Z m -7.762 0.16 l -0.84 2.041 l 2.881 -1.2 Z m 4.447 -0.008 l -2.036 0.849 l 2.886 1.188 Z M 8.984 0.182 L 6.828 2.499 l 2.153 0.887 l 2.164 -0.902 Z m -0.156 -0.039 a 7.83 7.83 0 0 0 -5.284 2.202 l 3.142 0.1 Z m 0.319 0 H 9.14 l 2.151 2.292 l 3.142 -0.113 a 7.83 7.83 0 0 0 -5.287 -2.18 Z'),
(2, 'Oval', 'M 9.1 0.001 c 2.95 0.083 5.287 3.735 5.233 8.148 S 11.852 16.08 8.9 15.999 S 3.614 12.265 3.668 7.85 S 6.148 -0.08 9.1 0.001 Z M 12.559 13.73 H 10.542 l -1.406 2.128 c 1.32 -0.051 2.52 -0.848 3.423 -2.128 Z m -5.099 0 H 5.441 c 0.908 1.288 2.122 2.09 3.462 2.129 l -0.039 -0.002 L 7.46 13.73 Z M 9 12.78 l -1.413 0.896 l 1.414 2.139 l 1.412 -2.14 Z m 3.613 -2.292 l -1.432 0.909 l -0.59 2.19 h 2.022 Z m -7.225 0 v 3.099 h 2.02 l -0.588 -2.19 Z m 1.599 1.015 l 0.55 2.042 l 1.333 -0.847 Z m 4.026 0 L 9.13 12.698 l 1.334 0.847 Z M 3.801 8.192 c 0.032 2.037 0.58 3.887 1.454 5.258 v -3.058 Z m 10.398 0 l -1.453 2.2 v 3.058 c 0.878 -1.377 1.428 -3.24 1.454 -5.303 Z m -5.2 -4.824 L 6.926 4.664 L 6.038 7.97 l 0.896 3.334 L 9 12.617 l 2.067 -1.312 l 0.896 -3.333 l -0.887 -3.308 Z m -3.03 4.86 l -0.566 2.107 l 1.364 0.865 Z m 6.063 0.002 l -0.798 2.969 l 1.363 -0.864 Z M 5.298 5.735 L 3.813 7.963 l 1.485 2.249 l 0.601 -2.24 Z m 7.405 0 L 12.1 7.973 l 0.601 2.24 l 1.486 -2.249 Z m 0.042 -3.185 v 3.006 l 1.453 2.178 c -0.044 -2.007 -0.588 -3.83 -1.453 -5.184 Z m -7.49 0 C 4.377 3.927 3.827 5.79 3.8 7.854 l 0.002 -0.12 l 1.452 -2.178 Z m 1.504 2.217 l -1.355 0.847 l 0.564 2.1 Z m 4.482 0 l 0.79 2.947 l 0.566 -2.1 Z m -3.85 -2.355 H 5.388 V 5.46 l 1.424 -0.889 Z m 5.222 0 H 10.609 l 0.58 2.16 l 1.424 0.888 Z m -5.092 0.032 l -0.544 2.023 L 8.87 3.286 Z m 2.959 0 l -1.349 0.841 l 1.892 1.182 Z M 9 0.184 L 7.578 2.316 L 9 3.204 l 1.422 -0.888 Z m 0.137 -0.04 L 10.556 2.27 h 2.003 C 11.65 0.983 10.437 0.18 9.097 0.143 Z m -0.273 0 c -1.318 0.05 -2.52 0.848 -3.422 2.127 h 2.003 l 1.419 -2.128 Z'),
(3, 'Pear', 'm 14.261 4.176 l -0.025 -0.13 v -0.002 l -0.022 -0.1 C 13.686 1.66 11.521 0 9.001 0 S 4.316 1.66 3.788 3.938 l -0.021 0.096 l -0.032 0.17 a 5 5 0 0 0 -0.066 0.657 L 3.667 5 l 0.004 0.268 c 0.032 1.216 0.277 2.476 0.732 3.75 l 0.064 0.177 l 0.093 0.242 c 0.416 1.06 0.975 2.13 1.663 3.183 l -0.005 -0.009 l 0.02 0.032 l 0.15 0.226 a 21 21 0 0 0 1.817 2.326 l 0.17 0.185 l 0.08 0.087 l 0.156 0.163 l 0.164 0.165 l 0.047 0.046 l 0.035 0.03 c 0.03 0.026 0.05 0.036 0.073 0.042 V 16 h 0.141 v -0.092 a 0.25 0.25 0 0 0 0.09 -0.052 l 0.226 -0.226 l 0.154 -0.16 l 0.161 -0.174 a 21 21 0 0 0 1.983 -2.534 l 0.061 -0.093 l 0.03 -0.044 l -0.006 0.005 l 0.137 -0.212 a 17.2 17.2 0 0 0 1.616 -3.194 l 0.011 -0.03 l 0.134 -0.382 c 0.41 -1.202 0.632 -2.393 0.661 -3.546 l 0.003 -0.185 l 0.002 -0.016 l -0.002 -0.204 a 5 5 0 0 0 -0.07 -0.685 Z m 0 0 l 0.016 0.092 q 0.005 0.013 0.004 0.028 Z m -5.19 -1.633 l 3.446 -1.115 a 5.38 5.38 0 0 0 -3.446 -1.285 Z m -0.14 0 v -2.4 h -0.035 a 5.38 5.38 0 0 0 -3.411 1.285 Z M 3.877 4.202 l 3.368 -0.771 l -1.9 -1.879 A 4.76 4.76 0 0 0 3.926 3.97 L 3.9 4.078 Z m 10.244 -0.01 l -0.026 -0.13 a 4.76 4.76 0 0 0 -1.44 -2.51 L 10.758 3.432 l 3.365 0.77 Z M 10.6 3.388 L 12.385 1.62 L 9.183 2.657 l 1.417 0.73 Z m -3.197 -0.001 l 1.417 -0.731 l -3.202 -1.035 Z m 1.668 7.562 l 1.423 -1.68 l 0.87 -3.75 l -0.807 -1.994 l -1.486 -0.767 Z m -0.14 -0.001 V 2.759 l -1.485 0.766 l -0.81 1.994 l 0.871 3.75 Z M 11.476 5.42 l 2.51 -1.105 l -3.26 -0.746 Z m -4.952 0 l 0.75 -1.85 l -3.258 0.745 Z m -2.04 3.402 l 1.972 -3.276 l -2.61 -1.15 q -0.028 0.222 -0.037 0.447 l -0.002 0.192 v 0.037 c 0.01 1.198 0.23 2.439 0.66 3.699 Z m 9.032 -0.002 l -0.052 0.146 c 0.45 -1.259 0.694 -2.503 0.724 -3.705 l 0.003 -0.19 l 0.001 -0.037 V 5 q 0 -0.3 -0.04 -0.602 l -2.607 1.15 Z m -2.868 0.402 l 2.765 -0.299 l -1.945 -3.232 l -0.82 3.53 Z m -3.297 0 l -0.82 -3.529 l -1.942 3.23 Z m -0.948 3.416 l 0.945 -3.274 l -2.779 -0.3 l 0.005 0.012 l 0.035 0.096 a 17 17 0 0 0 1.583 3.14 l 0.179 0.278 Z m 5.195 -0.003 l 0.064 -0.097 l 0.134 -0.207 a 17.4 17.4 0 0 0 1.514 -2.949 l 0.08 -0.21 l 0.04 -0.107 l -2.777 0.3 Z m -0.157 -0.035 l -0.912 -3.156 l -1.424 1.681 Z m -4.88 0 l 2.334 -1.475 l -1.424 -1.68 Z m 2.509 3.147 l 0.216 -0.217 l 0.152 -0.16 l 0.079 -0.083 l 0.164 -0.18 l 0.172 -0.193 a 21 21 0 0 0 1.564 -2.01 l 0.072 -0.107 l -2.42 -1.527 Z m -0.14 -0.001 v -4.473 L 6.51 12.8 a 21 21 0 0 0 1.622 2.1 l 0.176 0.198 q 0.086 0.095 0.168 0.183 l 0.159 0.17 l 0.196 0.2 l 0.087 0.085 l 0.01 0.011 Z'),
(4, 'Square', 'M 16.822 0 c 0.043 0 0.077 0.035 0.077 0.077 v 15.846 a 0.077 0.077 0 0 1 -0.077 0.077 H 0.976 a 0.077 0.077 0 0 1 -0.077 -0.077 V 0.077 C 0.9 0.035 0.934 0 0.976 0 Z m -2.258 13.775 H 3.234 l -2.07 2.07 h 15.471 l -2.07 -2.07 Z M 1.054 0.263 v 15.474 l 2.07 -2.072 V 2.335 Z m 15.69 0.001 l -2.07 2.07 v 11.332 l 2.07 2.07 Z m -4.58 11.11 h -6.53 L 3.388 13.62 H 14.41 l -2.247 -2.247 Z M 3.279 2.488 v 11.023 l 2.246 -2.247 V 4.736 Z m 11.24 0 l -2.247 2.248 v 6.527 l 2.248 2.248 Z m -2.4 2.293 h -6.44 v 6.438 h 6.439 Z m 2.292 -2.402 H 3.388 l 2.247 2.247 h 6.528 Z m 2.225 -2.225 H 1.163 l 2.07 2.071 h 11.332 Z'),
(5, 'Emerald', 'm 12.71 0.5 l 0.05 0.021 l 1.77 1.834 l 0.02 0.051 v 11.112 l -0.02 0.051 l -1.844 1.91 l -0.05 0.021 H 5.14 l -0.05 -0.021 l -1.77 -1.834 l -0.02 -0.052 V 2.482 l 0.02 -0.052 L 5.164 0.521 L 5.214 0.5 Z M 11.244 13.539 H 6.559 l -1.282 1.816 h 7.224 Z M 5.39 12.394 l -1.91 1.213 l 1.65 1.71 l 1.302 -1.844 Z m 7.068 -0.048 L 11.37 13.473 l 1.275 1.842 l 1.722 -1.782 Z m -9.02 -9.737 v 10.856 l 1.893 -1.203 V 3.775 Z m 7.148 9.234 H 7.261 L 6.058 12.88 l 0.495 0.514 H 11.25 l 0.515 -0.535 Z m 3.823 -9.308 l -1.892 1.202 v 8.477 l 1.892 1.177 Z m -8.415 0.697 l -0.523 0.543 v 8.497 l 0.487 0.505 l 1.231 -1.062 V 4.264 Z m 5.884 -0.022 L 10.66 4.262 v 7.455 l 1.205 1.04 l 0.513 -0.532 V 3.728 Z M 10.52 4.302 H 7.33 v 7.396 h 3.19 Z m 0.776 -1.696 H 6.6 l -0.505 0.524 l 1.19 1.027 h 3.278 l 1.217 -1.05 Z M 5.197 0.69 L 3.484 2.467 l 1.915 1.18 l 1.09 -1.13 Z m 7.52 -0.007 l -1.3 1.843 l 1.041 1.08 l 1.91 -1.214 Z m -0.144 -0.039 H 5.338 L 6.62 2.462 h 4.67 Z'),
(6, 'Marquise', 'm 9.24 -0.023 l 0.075 0.061 l 0.103 0.085 l 0.057 0.048 a 15.7 15.7 0 0 1 2.04 2.107 C 12.943 4.063 13.8 5.96 13.8 7.894 c 0 1.322 -0.403 2.663 -1.115 3.9 l -0.07 0.118 v 0.011 a 0.2 0.2 0 0 1 -0.054 0.116 l -0.02 0.02 a 14.6 14.6 0 0 1 -2.084 2.66 l -0.111 0.112 l -0.111 0.109 l -0.11 0.107 l -0.162 0.152 l -0.154 0.141 l -0.144 0.128 l -0.13 0.113 l -0.113 0.095 l -0.095 0.074 l -0.05 0.036 l -0.04 0.026 c -0.143 0.109 -0.296 0.117 -0.44 0.024 l -0.034 -0.024 l 0.038 -0.052 l -0.041 0.05 l -0.25 -0.21 a 15.7 15.7 0 0 1 -2.022 -2.08 a 12.6 12.6 0 0 1 -1.227 -1.813 l -0.01 -0.01 l 0.003 -0.003 C 4.579 10.464 4.2 9.19 4.2 7.894 C 4.2 5.14 6.152 1.992 8.763 -0.024 a 0.41 0.41 0 0 1 0.476 0 Z m 1.708 10.139 l -1.935 5.65 a 0.26 0.26 0 0 0 0.12 -0.044 L 9.2 15.676 l 0.049 -0.036 l 0.028 -0.021 l 0.064 -0.051 l 0.112 -0.093 l 0.083 -0.072 l 0.138 -0.122 l 0.15 -0.135 l 0.156 -0.147 l 0.108 -0.103 l 0.163 -0.16 l 0.11 -0.11 a 14.6 14.6 0 0 0 2.075 -2.65 c 0.032 -0.03 0.043 -0.045 0.045 -0.069 l 0.001 -0.015 l 0.01 -0.034 l 0.052 -0.09 Z m -3.947 -0.036 l -1.582 1.636 q 0.515 0.909 1.173 1.72 a 15.5 15.5 0 0 0 1.905 1.977 l 0.19 0.162 l 0.133 0.11 L 7 10.08 Z m 0.12 -0.062 l 1.81 5.576 l 1.855 -5.416 l -1.636 1.166 h -0.076 Z m 6.541 -1.888 l -2.634 1.875 l 1.587 1.642 c 0.63 -1.122 1.004 -2.325 1.047 -3.517 Z m -8.31 3.463 l 1.602 -1.658 l -0.013 -0.04 l -2.602 -1.77 c 0.041 1.18 0.4 2.34 1.013 3.468 Z m 3.714 -6.999 L 7.104 6.016 l -0.639 1.977 l 0.589 1.815 l 2.057 1.399 l 1.75 -1.247 l 0.675 -1.968 l -0.678 -2.062 Z m 1.979 1.474 l 0.625 1.903 v 0.043 l -0.622 1.813 l 2.576 -1.836 Z m -4.124 0.08 L 4.379 7.992 l 2.494 1.696 l -0.542 -1.673 v -0.042 l 0.59 -1.823 Z m -2.587 1.71 l 2.607 -1.89 l -1.63 -1.686 c -0.61 1.185 -0.97 2.416 -0.977 3.576 Z m 8.325 -3.633 L 11.04 5.9 l 2.625 1.957 v -0.091 c -0.025 -1.199 -0.384 -2.385 -1.007 -3.54 Z M 8.844 0.083 C 7.417 1.185 6.189 2.63 5.376 4.158 l 1.64 1.696 l 1.872 -5.798 a 0.2 0.2 0 0 0 -0.045 0.026 Z m 0.135 0.128 l -1.806 5.59 l 1.853 -1.344 l 0.08 0.001 l 1.68 1.252 Z m 0.086 -0.168 l 1.89 5.753 l 1.613 -1.67 l 0.08 0.08 A 12.5 12.5 0 0 0 11.41 2.361 a 15.6 15.6 0 0 0 -2.023 -2.088 l -0.108 -0.09 l -0.12 -0.098 a 0.3 0.3 0 0 0 -0.095 -0.043 Z'),
(7, 'Cushion', 'M 9.198 0 c 0.95 0.003 1.737 0.068 2.904 0.286 C 15.32 0.887 17 2.7 17 6.141 v 3.718 c 0 3.442 -1.68 5.253 -4.898 5.855 A 17 17 0 0 1 8.998 16 h -0.195 c -0.95 -0.003 -1.737 -0.068 -2.904 -0.286 C 2.68 15.113 1 13.301 1 9.858 V 6.141 c 0 -3.442 1.68 -5.254 4.899 -5.855 A 17 17 0 0 1 9.003 0 Z M 6.73 13.579 l -4.022 0.542 c 0.693 0.64 1.616 1.083 2.763 1.352 l 0.225 0.05 q 0.113 0.024 0.23 0.046 c 1.157 0.217 1.936 0.28 2.877 0.283 h 0.048 Z m 4.562 -0.01 l -2.12 2.282 h 0.03 c 0.885 -0.01 1.769 -0.091 2.642 -0.24 l 0.23 -0.042 q 0.117 -0.021 0.23 -0.046 l 0.226 -0.05 c 1.169 -0.275 2.105 -0.729 2.804 -1.39 Z M 9.01 11.316 l -2.13 2.206 l 2.13 2.286 l 2.131 -2.295 Z m -5.397 -0.924 l -0.923 3.582 l 3.955 -0.533 l -0.89 -2.215 Z M 1.148 8.099 v 1.76 c 0 1.81 0.47 3.154 1.394 4.1 l 0.932 -3.62 l -0.061 -0.023 l -0.02 -0.099 Z m 15.704 -0.032 l -2.235 2.125 l -0.02 0.102 l -0.062 0.024 l 0.934 3.632 c 0.894 -0.923 1.36 -2.223 1.382 -3.961 V 8.066 Z m -2.456 2.306 l -2.152 0.854 l -0.869 2.205 l 3.935 0.5 Z m -5.511 0.862 H 5.919 l 0.871 2.168 Z m 3.197 0 H 9.138 l 2.093 2.158 Z m 0.025 -6.32 H 5.892 v 6.172 h 6.215 Z M 5.744 8.14 L 3.593 10.2 l 0.025 0.024 l 0.004 0.012 l 2.122 0.827 Z m 6.512 -0.022 v 2.943 l 2.131 -0.845 l 0.004 -0.015 l 0.025 -0.023 Z M 3.457 5.91 L 1.26 8 l 2.226 2.1 l 2.178 -2.086 Z m 11.078 -0.023 l -2.2 2.105 l 2.187 2.085 l 2.218 -2.109 Z M 2.529 2.054 C 1.614 3 1.148 4.34 1.148 6.14 v 1.76 l 2.244 -2.134 l 0.01 -0.053 l 0.071 -0.03 Z m 3.215 2.888 l -2.178 0.864 l -0.001 0.001 l 2.18 2.078 Z m 9.63 -2.986 l -0.859 3.707 l 0.073 0.028 l 0.01 0.052 l 2.254 2.126 V 6.141 c 0 -1.864 -0.499 -3.234 -1.478 -4.185 Z m -3.118 2.986 v 2.921 l 2.17 -2.077 Z M 2.69 2.084 l 0.923 3.545 l 2.142 -0.85 l 0.884 -2.24 Z m 12.532 -0.13 l -3.883 0.573 l 0.906 2.252 l 2.13 0.829 Z m -8.453 0.66 L 5.92 4.765 h 2.936 Z m 4.44 -0.01 L 9.122 4.766 h 2.959 Z M 8.996 0.19 L 6.84 2.475 L 8.988 4.69 l 2.15 -2.224 l -2.145 -2.274 Z m -0.163 -0.042 c -0.975 0.01 -1.947 0.105 -2.905 0.282 c -1.392 0.26 -2.487 0.747 -3.275 1.5 l 4.056 0.468 Z m 0.366 -0.001 h -0.042 l 2.114 2.24 l 3.942 -0.582 c -0.776 -0.682 -1.824 -1.13 -3.137 -1.375 c -1.158 -0.217 -1.935 -0.28 -2.877 -0.283 Z'),
(8, 'Asscher', 'm 14.864 0 l 0.055 0.023 l 1.958 1.956 l 0.023 0.055 v 11.852 l -0.023 0.055 l -2.039 2.036 l -0.055 0.023 H 2.935 l -0.055 -0.023 l -1.957 -1.955 l -0.023 -0.056 V 2.115 l 0.023 -0.056 L 2.96 0.023 L 3.016 0 Z M 13.42 14.192 h -9.1 l -1.228 1.652 h 11.537 Z m -10.55 -1.44 L 1.1 13.976 l 1.826 1.827 l 1.24 -1.665 l -1.273 -1.27 l -0.023 -0.056 v -0.06 Z m 12.059 -0.059 v 0.065 l -0.022 0.055 l -1.33 1.328 l 1.215 1.661 l 1.907 -1.905 Z m -2.843 -0.325 h -6.41 l -1.24 1.667 h 8.87 Z m 1 -0.928 l -0.858 0.858 l 1.255 1.715 l 1.29 -1.288 v -0.138 Z m -8.373 0.038 l -1.687 1.167 v 0.135 l 1.234 1.23 l 1.274 -1.712 Z M 1.055 2.262 v 11.556 l 1.815 -1.255 V 3.496 Z m 15.688 -0.08 l -1.814 1.255 v 9.069 l 1.814 1.232 Z M 3.026 3.603 v 8.853 l 1.618 -1.119 V 4.701 Z m 11.747 -0.057 l -1.618 1.119 v 6.635 l 1.618 1.1 Z m -2.642 0.242 H 5.707 l -0.907 0.905 v 6.654 l 0.87 0.867 h 6.423 l 0.906 -0.906 V 4.655 Z M 4.316 1.985 l -1.29 1.29 v 0.138 L 4.713 4.56 l 0.859 -0.859 Z m 9.224 0.003 l -1.275 1.713 l 0.821 0.82 l 1.687 -1.166 v -0.134 Z m -0.178 -0.023 H 4.495 l 1.22 1.666 h 6.409 Z M 3.007 0.197 L 1.1 2.103 l 1.77 1.204 l 0.001 -0.064 l 0.023 -0.056 l 1.33 -1.329 Z m 11.865 0 l -1.238 1.664 l 1.273 1.272 l 0.023 0.056 v 0.058 l 1.77 -1.224 Z m -0.164 -0.04 H 3.17 l 1.21 1.652 h 9.098 Z'),
(9, 'Heart', 'M 11.46 0.893 c 0.934 -0.261 1.718 -0.25 2.659 -0.007 c 1.119 0.29 2.007 0.999 2.538 2.298 c 0.475 1.162 0.439 2.752 0.003 4.302 c -0.444 1.579 -1.142 2.877 -2.15 4.041 q -0.691 0.797 -1.48 1.494 l -0.006 0.089 l -0.077 0.066 l -0.084 -0.009 q -0.87 0.75 -1.827 1.389 a 17 17 0 0 1 -1.515 0.9 l -0.176 0.09 l -0.16 0.08 l -0.157 0.074 h -0.056 l -0.158 -0.075 l -0.16 -0.078 l -0.175 -0.09 l -0.093 -0.05 a 17 17 0 0 1 -1.422 -0.851 a 19 19 0 0 1 -1.827 -1.389 l -0.085 0.009 l -0.076 -0.066 l -0.006 -0.089 a 16 16 0 0 1 -1.48 -1.494 C 2.484 10.363 1.785 9.065 1.34 7.485 c -0.435 -1.548 -0.472 -3.14 0.003 -4.3 c 0.53 -1.3 1.42 -2.01 2.539 -2.3 c 0.94 -0.242 1.725 -0.254 2.659 0.008 c 0.24 0.067 0.523 0.171 0.839 0.306 q 0.23 0.1 0.477 0.214 q 0.453 0.216 0.897 0.452 l 0.246 0.134 l 0.119 -0.065 l 0.196 -0.105 q 0.41 -0.217 0.829 -0.415 q 0.245 -0.117 0.476 -0.214 q 0.41 -0.18 0.84 -0.307 Z M 10.385 12.914 l -1.238 2.574 l 0.136 -0.067 l 0.173 -0.089 l 0.093 -0.049 q 0.725 -0.387 1.41 -0.844 a 19 19 0 0 0 1.711 -1.292 Z m -2.772 0 l -2.285 0.233 q 0.82 0.696 1.712 1.291 q 0.728 0.487 1.502 0.894 l 0.173 0.089 l 0.135 0.066 Z m 1.408 -0.936 l -1.278 0.885 l 1.256 2.61 l 1.256 -2.611 Z m -4.087 -1.9 l 0.17 2.876 l 0.078 0.067 l 2.389 -0.244 l -0.45 -2.223 Z m 8.129 0 l -2.108 0.45 l -0.525 2.25 l 2.387 0.243 l 0.076 -0.067 Z m 2.74 -0.735 l -2.599 0.701 l -0.164 2.78 q 0.724 -0.653 1.364 -1.39 a 10 10 0 0 0 1.399 -2.09 Z m -13.608 0 a 10 10 0 0 0 1.4 2.092 q 0.638 0.736 1.363 1.388 l -0.165 -2.779 Z m 8.59 1.299 l -1.644 1.25 l 1.158 0.83 Z m -3.502 0.016 l 0.419 2.063 l 1.217 -0.843 Z M 7.36 4.58 l -2.395 0.901 l 0.463 2.774 l 1.795 2.184 l 1.818 1.354 l 1.804 -1.367 l 1.755 -2.276 l 0.436 -2.667 l -2.471 -0.823 l -1.49 0.863 h -0.068 Z M 5.391 8.43 l -0.443 1.507 l 2.05 0.447 Z m 7.236 -0.089 l -1.56 2.02 l 1.986 -0.425 Z M 3.563 6.927 L 2.301 9.226 l 2.511 0.678 l 0.469 -1.593 Z m 10.887 0.026 l -1.687 1.358 l 0.425 1.592 l 2.51 -0.677 Z m 2.385 -2.384 L 14.55 6.827 v 0.015 l 1.31 2.387 q 0.362 -0.753 0.617 -1.61 l 0.05 -0.171 c 0.276 -0.987 0.389 -1.989 0.308 -2.879 Z m -15.67 0 c -0.08 0.89 0.032 1.892 0.31 2.878 c 0.178 0.637 0.4 1.228 0.666 1.782 l 1.315 -2.396 Z M 13.16 5.581 l -0.42 2.57 l 1.66 -1.336 Z m -8.316 0.023 l -1.197 1.21 l 1.616 1.302 Z m -0.027 -2.413 L 1.271 4.477 l 2.271 2.244 l 1.275 -1.289 Z m 8.409 0.016 l -0.043 2.2 l 1.298 1.292 l 2.248 -2.221 Z m -4.189 0.865 l -1.495 0.451 l 1.498 0.858 l 1.354 -0.786 Z m 4.05 -0.859 l -2.36 1.353 l 2.318 0.773 Z m -8.131 -0.001 v 2.122 L 7.2 4.49 Z M 11.477 1.074 L 9.164 3.97 l 1.386 0.535 l 2.473 -1.416 Z m -4.953 0 L 4.991 3.07 l 2.383 1.357 l 1.545 -0.466 Z m -3.54 0.327 c -0.641 0.376 -1.158 0.97 -1.512 1.838 c -0.143 0.359 -0.238 0.736 -0.284 1.12 l 3.595 -1.305 Z m 12.056 0.015 l -1.795 1.648 l 3.568 1.295 a 4.6 4.6 0 0 0 -0.244 -1.017 l -0.04 -0.103 c -0.35 -0.858 -0.859 -1.447 -1.489 -1.823 Z M 11.282 1.095 q -0.275 0.092 -0.608 0.234 q -0.227 0.097 -0.472 0.213 c -0.278 0.13 -0.557 0.272 -0.823 0.412 l -0.194 0.104 l -0.151 0.083 h -0.068 l -0.093 -0.052 l -0.252 -0.135 a 20 20 0 0 0 -0.823 -0.413 a 14 14 0 0 0 -0.472 -0.212 a 9 9 0 0 0 -0.6 -0.232 l 2.32 2.797 Z M 13.96 0.99 c -0.863 -0.206 -1.595 -0.205 -2.463 0.038 l 0.1 -0.028 l 1.524 1.987 l 1.791 -1.645 a 3.6 3.6 0 0 0 -0.736 -0.296 l -0.091 -0.025 Z m -7.557 0.01 C 5.537 0.775 4.8 0.794 3.916 1.022 q -0.42 0.107 -0.804 0.308 l 1.782 1.636 Z'),
(10, 'Straight Baguette', 'm 12.936 0.5 l 0.053 0.021 l 1.888 1.834 l 0.022 0.052 v 11.111 l -0.022 0.052 l -1.966 1.909 l -0.053 0.021 H 4.863 l -0.054 -0.021 l -1.888 -1.833 l -0.022 -0.053 V 2.484 l 0.022 -0.053 L 4.887 0.523 L 4.941 0.5 Z M 11.662 13.957 H 6.08 l -1.068 1.396 h 7.697 Z m -6.968 -1.279 l -1.599 0.93 l 1.758 1.707 l 1.09 -1.424 Z m 8.41 -0.054 l -1.305 1.268 l 1.068 1.422 l 1.834 -1.781 Z m -4.205 -0.033 l -2.535 1.22 h 5.02 Z m 2.308 -0.327 l -2.064 0.283 l 2.445 1.2 Z m -4.617 0 l -0.43 1.482 l 2.489 -1.198 Z m -0.162 0.018 l -1.571 0.347 l 1.148 1.114 Z m 4.938 -0.005 l 0.376 1.464 l 1.197 -1.163 Z M 3.05 2.61 v 10.854 l 1.581 -0.919 V 3.509 Z m 11.698 -0.074 l -1.58 0.919 v 9.037 l 1.58 0.898 V 2.535 Z m -8.686 5.84 l -1.247 4.112 l 1.638 -0.362 Z m 5.675 0 l -0.392 3.748 l 1.639 0.313 Z M 8.963 3.565 l -2.51 0.202 l -0.28 4.225 l 0.43 4.126 l 2.285 0.319 l 2.307 -0.319 l 0.43 -4.114 l -0.216 -4.238 Z m -4.181 0.405 v 8.109 L 6.019 8 Z m 8.235 -0.049 L 11.779 8 l 1.237 4.031 Z m -8.205 -0.365 L 6.05 7.587 l 0.252 -3.825 Z m 8.173 -0.05 L 11.56 3.76 l 0.193 3.808 Z m -6.788 -1.26 l 0.248 1.374 l 2.242 -0.18 Z m 5.468 0.001 L 9.235 3.44 l 2.184 0.18 Z m -5.617 0.02 L 4.866 3.415 l 1.424 0.197 Z m 5.765 0.008 l -0.24 1.333 l 1.364 -0.242 Z m -0.364 -0.086 H 6.42 l 2.544 1.22 Z M 4.931 0.685 L 3.096 2.467 l 1.598 0.908 L 6 2.108 Z m 8.013 0 l -1.09 1.423 l 1.25 1.213 l 1.598 -0.929 Z m -0.158 -0.039 H 5.089 l 1.048 1.396 h 5.581 Z');

-- --------------------------------------------------------

--
-- Table structure for table `metal`
--

CREATE TABLE `metal` (
  `id` int(11) NOT NULL,
  `name` text NOT NULL,
  `buy_price_per_gram` double NOT NULL,
  `sale_price_per_gram` double NOT NULL,
  `imageUrl` text NOT NULL,
  `specific_weight` double NOT NULL,
  `deactivated` tinyint(1) NOT NULL,
  `created` datetime NOT NULL
) ENGINE=InnoDB DEFAULT CHARSET=utf8mb4 COLLATE=utf8mb4_general_ci;

--
-- Dumping data for table `metal`
--

INSERT INTO `metal` (`id`, `name`, `buy_price_per_gram`, `sale_price_per_gram`, `imageUrl`, `specific_weight`, `deactivated`, `created`) VALUES
(1, '10K Gold', 5000000, 5500000, 'main.jpg', 0.0136, 0, '2024-05-22 00:00:00'),
(2, '14K Gold', 6000000, 6600000, 'main.jpg', 0.0147, 0, '2024-05-23 00:00:00'),
(3, '18K Gold', 7000000, 7700000, 'main.jpg', 0.0156, 0, '2024-05-24 00:00:00'),
(4, '10K Rose Gold', 5200000, 5720000, 'main.jpg', 0.0132, 0, '2024-03-25 00:00:00'),
(5, '14K Rose Gold', 6200000, 6820000, 'main.jpg', 0.0143, 0, '2024-03-26 00:00:00'),
(6, '18K Rose Gold', 7200000, 7920000, 'main.jpg', 0.0152, 0, '2024-03-27 00:00:00'),
(7, 'Silver', 700000, 770000, 'main.jpg', 0.0105, 0, '2024-04-18 00:00:00'),
(8, 'Platinum', 900000, 990000, 'main.jpg', 0.0214, 0, '2024-05-12 00:00:00');

-- --------------------------------------------------------

--
-- Table structure for table `metal_compatibility`
--

CREATE TABLE `metal_compatibility` (
  `Metal_id_1` int(11) NOT NULL,
  `Metal_id_2` int(11) NOT NULL
) ENGINE=InnoDB DEFAULT CHARSET=utf8mb4 COLLATE=utf8mb4_general_ci;

--
-- Dumping data for table `metal_compatibility`
--

INSERT INTO `metal_compatibility` (`Metal_id_1`, `Metal_id_2`) VALUES
(1, 1),
(2, 2),
(2, 7),
(2, 8),
(3, 3),
(3, 7),
(3, 8),
(4, 4),
(5, 5),
(5, 7),
(5, 8),
(6, 6),
(6, 7),
(6, 8),
(7, 2),
(7, 3),
(7, 5),
(7, 6),
(7, 7),
(8, 2),
(8, 3),
(8, 5),
(8, 6),
(8, 8);

-- --------------------------------------------------------

--
-- Table structure for table `migrations`
--

CREATE TABLE `migrations` (
  `id` int(10) UNSIGNED NOT NULL,
  `migration` varchar(255) NOT NULL,
  `batch` int(11) NOT NULL
) ENGINE=InnoDB DEFAULT CHARSET=utf8mb4 COLLATE=utf8mb4_unicode_ci;

-- --------------------------------------------------------

--
-- Table structure for table `model`
--

CREATE TABLE `model` (
  `id` int(11) NOT NULL,
  `name` text NOT NULL,
  `imageUrl` text NOT NULL,
  `mounting_type_id` int(11) NOT NULL,
  `mounting_style_id` int(11) NOT NULL,
  `base_width` double DEFAULT NULL,
  `base_height` double DEFAULT NULL,
  `volume` double DEFAULT NULL,
  `profit_rate` double NOT NULL,
  `production_price` double NOT NULL,
  `isAvailable` tinyint(1) NOT NULL,
  `deactivated` tinyint(1) NOT NULL
) ENGINE=InnoDB DEFAULT CHARSET=utf8mb4 COLLATE=utf8mb4_general_ci;

--
-- Dumping data for table `model`
--

INSERT INTO `model` (`id`, `name`, `imageUrl`, `mounting_type_id`, `mounting_style_id`, `base_width`, `base_height`, `volume`, `profit_rate`, `production_price`, `isAvailable`, `deactivated`) VALUES
(1, 'Solitaire Engagement Ring Mounting', 'main.jpg', 1, 1, 0, 0, 0, 15, 2500, 1, 0),
(2, 'Solitaire Engagement Ring Mounting', 'main.jpg', 1, 1, 0, 0, 0, 15, 2600, 1, 0),
(3, 'Accented Engagement Ring Mounting', 'main.jpg', 1, 2, 0, 0, 0, 15, 2700, 1, 0),
(4, 'Accented Engagement Ring Mounting', 'main.jpg', 1, 2, 0, 0, 0, 15, 2800, 1, 0),
(5, 'Halo-Style Engagement Ring Mounting', 'main.jpg', 1, 3, 0, 0, 0, 15, 2900, 1, 0),
(6, 'Solitaire Cross Pendant Mounting', 'main.jpg', 3, 1, 0, 0, 0, 15, 3000, 1, 0),
(7, 'Accented Pendant Mounting', 'main.jpg', 3, 2, 0, 0, 0, 15, 3100, 1, 0),
(8, 'Three-stone Anniversary Band Mounting', 'main.jpg', 2, 4, 0, 0, 0, 15, 3200, 1, 0),
(9, 'Accented Engagement Ring Mounting', 'main.jpg', 1, 2, 0, 0, 0, 15, 3300, 1, 0),
(10, 'Solitaire Engagement Ring Mounting', 'main.jpg', 1, 1, 0, 0, 0, 15, 3400, 1, 0),
(11, 'Halo-Style Pendant Mounting', 'main.jpg', 3, 3, 0, 0, 0, 15, 3500, 1, 0),
(12, 'Three-stone Pendant Mounting', 'main.jpg', 3, 4, 0, 0, 0, 15, 3600, 1, 0),
(13, 'Halo-Style Pendant Mounting', 'main.jpg', 3, 3, 0, 0, 0, 15, 3700, 1, 0),
(14, 'Solitaire Pendant Mounting', 'main.jpg', 3, 1, 0, 0, 0, 15, 3800, 1, 0),
(15, 'Solitaire Band Mounting', 'main.jpg', 2, 1, 0, 0, 0, 15, 3900, 1, 0),
(16, 'Accented Band Mounting', 'main.jpg', 2, 2, 0, 0, 0, 15, 4000, 1, 0),
(17, 'Three-stone Band Mounting', 'main.jpg', 2, 4, 0, 0, 0, 15, 4100, 1, 0),
(18, 'Accented Band Mounting', 'main.jpg', 2, 2, 0, 0, 0, 15, 4200, 1, 0),
(19, 'Solitaire Band Mounting', 'main.jpg', 2, 1, 0, 0, 0, 15, 4300, 1, 0),
(20, 'Three-stone Anniversary Band Mounting', 'main.jpg', 2, 4, 0, 0, 0, 15, 4400, 1, 0),
(21, 'Solitaire Pendant Mounting', 'main.jpg', 3, 1, 0, 0, 0, 15, 4500, 1, 0),
(22, 'Accented Pendant Mounting', 'main.jpg', 3, 2, 0, 0, 0, 15, 4600, 1, 0),
(23, 'French-Set Engagement Ring Mounting', 'main.jpg', 1, 3, 0, 0, 0, 15, 4700, 1, 0),
(24, 'French-Set Engagement Ring Mounting', 'main.jpg', 1, 3, 0, 0, 0, 15, 4800, 1, 0),
(25, 'Accented Pendant Mounting', 'main.jpg', 3, 2, 0, 0, 0, 15, 4900, 1, 0),
(26, 'Three-stone Pendant Mounting', 'main.jpg', 3, 4, 0, 0, 0, 15, 5000, 1, 0),
(27, 'Halo-Style Pendant Mounting', 'main.jpg', 3, 3, 0, 0, 0, 15, 5100, 1, 0),
(28, 'Three-stone Anniversary Band Mounting', 'main.jpg', 2, 4, 0, 0, 0, 15, 5200, 1, 0),
(29, 'Heart Pendant Mounting', 'main.jpg', 3, 1, 0, 0, 0, 15, 5300, 1, 0),
(30, 'Mens Ring Mounting', 'main.jpg', 1, 1, 0, 0, 0, 15, 5400, 1, 0),
(31, 'Men\'s Ring Mounting', 'main.jpg', 1, 1, 0, 0, 0, 15, 5500, 1, 0),
(32, 'Three-stone Anniversary Band Mounting', 'main.jpg', 2, 4, 0, 0, 0, 15, 5500, 1, 0),
(33, 'Three-stone Anniversary Band Mounting', 'main.jpg', 2, 4, 0, 0, 0, 15, 5500, 1, 0),
(34, 'Accented Pendant Mounting', 'main.jpg', 3, 2, 0, 0, 0, 15, 5500, 1, 0),
(35, 'Accented Pendant Mounting', 'main.jpg', 3, 2, 0, 0, 0, 15, 5500, 1, 0),
(36, 'Accented Band Mounting', 'main.jpg', 2, 2, 0, 0, 0, 15, 5500, 1, 0);

-- --------------------------------------------------------

--
-- Table structure for table `model_diamond`
--

CREATE TABLE `model_diamond` (
  `id` int(11) NOT NULL,
  `model_id` int(11) NOT NULL,
  `diamond_size_min` double NOT NULL,
  `diamond_size_max` double NOT NULL,
  `count` int(11) NOT NULL,
  `diamond_shape_id` int(11) NOT NULL,
  `is_editable` tinyint(1) NOT NULL
) ENGINE=InnoDB DEFAULT CHARSET=utf8mb4 COLLATE=utf8mb4_general_ci;

--
-- Dumping data for table `model_diamond`
--

INSERT INTO `model_diamond` (`id`, `model_id`, `diamond_size_min`, `diamond_size_max`, `count`, `diamond_shape_id`, `is_editable`) VALUES
(1, 1, 5.2, 7.2, 1, 1, 1),
(2, 2, 5.2, 7.2, 1, 1, 1),
(3, 3, 5.2, 7.2, 1, 1, 1),
(4, 3, 1, 1, 46, 1, 0),
(5, 4, 5.2, 7.2, 1, 1, 1),
(6, 4, 1, 1, 8, 1, 0),
(7, 5, 5.2, 7.2, 1, 1, 1),
(8, 5, 1, 1, 14, 1, 0),
(9, 6, 5.2, 7.2, 1, 1, 1),
(10, 7, 5.2, 7.2, 1, 1, 1),
(11, 7, 1, 1, 10, 1, 0),
(12, 8, 5.2, 7.2, 3, 1, 1),
(13, 9, 5.2, 7.2, 1, 1, 1),
(14, 9, 1, 1, 8, 1, 0),
(15, 10, 5.2, 7.2, 1, 8, 1),
(16, 11, 5.2, 7.2, 1, 2, 1),
(17, 11, 1, 1, 20, 1, 0),
(18, 12, 5.2, 7.2, 3, 7, 1),
(19, 13, 5.2, 7.2, 1, 1, 1),
(20, 13, 1, 1, 10, 1, 0),
(21, 14, 5.2, 7.2, 1, 3, 1),
(22, 15, 5.2, 7.2, 1, 4, 1),
(23, 16, 5.2, 7.2, 1, 8, 1),
(24, 16, 1, 1, 4, 1, 0),
(25, 17, 5.2, 7.2, 3, 10, 1),
(26, 18, 5.2, 7.2, 1, 5, 1),
(27, 18, 1, 1, 10, 1, 0),
(28, 19, 5.2, 7.2, 1, 1, 1),
(29, 20, 5.2, 7.2, 3, 2, 1),
(30, 21, 5.2, 7.2, 1, 5, 1),
(31, 22, 5.2, 7.2, 1, 3, 1),
(32, 22, 1, 1, 4, 1, 0),
(33, 23, 5.2, 7.2, 1, 1, 1),
(34, 23, 1, 1, 16, 1, 0),
(35, 24, 5.2, 7.2, 1, 1, 1),
(36, 24, 1, 1, 14, 1, 0),
(37, 25, 5.2, 7.2, 1, 2, 1),
(38, 25, 1, 1, 1, 1, 0),
(39, 26, 5.2, 7.2, 3, 4, 1),
(40, 27, 5.2, 7.2, 1, 3, 1),
(41, 27, 1, 1, 16, 1, 0),
(42, 28, 5.2, 7.2, 3, 1, 1),
(43, 29, 5.2, 7.2, 1, 9, 1),
(44, 30, 5.2, 7.2, 1, 5, 1),
(45, 31, 5.2, 7.2, 1, 1, 1),
(46, 32, 5.2, 7.2, 3, 7, 1),
(47, 33, 5.2, 7.2, 3, 2, 1),
(48, 34, 5.2, 7.2, 1, 1, 1),
(49, 34, 1, 1, 4, 1, 0),
(50, 35, 5.2, 7.2, 1, 3, 1),
(51, 35, 1, 1, 7, 1, 0),
(52, 36, 5.2, 7.2, 1, 4, 1),
(53, 36, 1, 1, 22, 1, 0);

-- --------------------------------------------------------

--
-- Table structure for table `model_diamondshape`
--

CREATE TABLE `model_diamondshape` (
  `model_id` int(11) NOT NULL,
  `diamond_shape_id` int(11) NOT NULL
) ENGINE=InnoDB DEFAULT CHARSET=utf8mb4 COLLATE=utf8mb4_general_ci;

--
-- Dumping data for table `model_diamondshape`
--

INSERT INTO `model_diamondshape` (`model_id`, `diamond_shape_id`) VALUES
(1, 1),
(1, 2),
(1, 3),
(1, 4),
(1, 5),
(1, 6),
(1, 7),
(1, 8),
(1, 9),
(2, 1),
(2, 3),
(2, 5),
(2, 7),
(2, 8),
(2, 9),
(3, 1),
(3, 2),
(3, 3),
(3, 4),
(3, 5),
(3, 6),
(3, 9),
(4, 1),
(4, 6),
(4, 7),
(4, 8),
(4, 9),
(5, 1),
(5, 3),
(5, 4),
(5, 6),
(5, 9),
(6, 1),
(6, 2),
(6, 9),
(6, 10),
(7, 1),
(7, 5),
(8, 1),
(8, 4),
(9, 1),
(9, 2),
(9, 4),
(9, 5),
(9, 7),
(10, 3),
(10, 8),
(10, 9),
(11, 2),
(12, 7),
(13, 1),
(14, 3),
(15, 4),
(16, 8),
(16, 9),
(17, 10),
(18, 5),
(19, 1),
(20, 2),
(21, 5),
(22, 3),
(23, 1),
(24, 1),
(24, 6),
(25, 2),
(26, 4),
(27, 3),
(28, 1),
(29, 9),
(30, 5),
(31, 1),
(31, 2),
(31, 4),
(31, 5),
(31, 7),
(31, 8),
(32, 7),
(33, 2),
(34, 1),
(35, 3),
(36, 4);

-- --------------------------------------------------------

--
-- Table structure for table `model_metal`
--

CREATE TABLE `model_metal` (
  `id` int(11) NOT NULL,
  `model_id` int(11) NOT NULL,
  `metal_id` int(11) NOT NULL,
  `is_main` tinyint(1) NOT NULL,
  `percentage` double NOT NULL
) ENGINE=InnoDB DEFAULT CHARSET=utf8mb4 COLLATE=utf8mb4_general_ci;

--
-- Dumping data for table `model_metal`
--

INSERT INTO `model_metal` (`id`, `model_id`, `metal_id`, `is_main`, `percentage`) VALUES
(1, 1, 1, 1, 100),
(2, 1, 2, 1, 100),
(3, 1, 3, 1, 100),
(4, 1, 4, 1, 100),
(5, 1, 5, 1, 100),
(6, 1, 6, 1, 100),
(7, 1, 7, 1, 100),
(8, 1, 8, 1, 100),
(9, 2, 1, 1, 100),
(10, 2, 2, 1, 100),
(11, 2, 3, 1, 100),
(12, 2, 4, 1, 100),
(13, 2, 5, 1, 100),
(14, 2, 6, 1, 100),
(15, 2, 7, 1, 100),
(16, 2, 8, 1, 100),
(17, 3, 1, 1, 100),
(18, 3, 2, 1, 100),
(19, 3, 3, 1, 100),
(20, 3, 4, 1, 100),
(21, 3, 5, 1, 100),
(22, 3, 6, 1, 100),
(23, 3, 7, 1, 100),
(24, 3, 8, 1, 100),
(25, 4, 1, 1, 100),
(26, 4, 2, 1, 100),
(27, 4, 3, 1, 100),
(28, 4, 4, 1, 100),
(29, 4, 5, 1, 100),
(30, 4, 6, 1, 100),
(31, 4, 7, 1, 100),
(32, 4, 8, 1, 100),
(33, 5, 1, 1, 100),
(34, 5, 2, 1, 100),
(35, 5, 3, 1, 100),
(36, 5, 4, 1, 100),
(37, 5, 5, 1, 100),
(38, 5, 6, 1, 100),
(39, 5, 7, 1, 100),
(40, 5, 8, 1, 100),
(41, 6, 1, 1, 100),
(42, 6, 2, 1, 100),
(43, 6, 3, 1, 100),
(44, 6, 4, 1, 100),
(45, 6, 5, 1, 100),
(46, 6, 6, 1, 100),
(47, 6, 7, 1, 100),
(48, 6, 8, 1, 100),
(49, 7, 1, 1, 100),
(50, 7, 2, 1, 100),
(51, 7, 3, 1, 100),
(52, 7, 4, 1, 100),
(53, 7, 5, 1, 100),
(54, 7, 6, 1, 100),
(55, 7, 7, 1, 100),
(56, 8, 1, 1, 100),
(57, 8, 2, 1, 100),
(58, 8, 3, 1, 100),
(59, 8, 4, 1, 100),
(60, 8, 5, 1, 100),
(61, 8, 6, 1, 100),
(62, 8, 7, 1, 100),
(63, 8, 8, 1, 100),
(64, 9, 1, 1, 70),
(65, 9, 1, 0, 30),
(66, 9, 2, 1, 70),
(67, 9, 2, 0, 30),
(68, 9, 7, 0, 30),
(69, 9, 8, 0, 30),
(70, 9, 3, 1, 70),
(71, 9, 3, 0, 30),
(72, 9, 4, 1, 70),
(73, 9, 4, 0, 30),
(74, 9, 5, 1, 70),
(75, 9, 5, 0, 30),
(76, 9, 6, 1, 70),
(77, 9, 6, 0, 30),
(78, 9, 7, 1, 70),
(79, 9, 8, 1, 70),
(80, 10, 1, 1, 70),
(81, 10, 1, 0, 30),
(82, 10, 2, 1, 70),
(83, 10, 2, 0, 30),
(84, 10, 7, 0, 30),
(85, 10, 8, 0, 30),
(86, 10, 3, 1, 70),
(87, 10, 3, 0, 30),
(88, 10, 4, 1, 70),
(89, 10, 4, 0, 30),
(90, 10, 5, 1, 70),
(91, 10, 5, 0, 30),
(92, 10, 6, 1, 70),
(93, 10, 6, 0, 30),
(94, 10, 7, 1, 70),
(95, 10, 8, 1, 70),
(96, 11, 1, 1, 100),
(97, 11, 2, 1, 100),
(98, 11, 3, 1, 100),
(99, 11, 4, 1, 100),
(100, 11, 5, 1, 100),
(101, 11, 6, 1, 100),
(102, 11, 7, 1, 100),
(103, 11, 8, 1, 100),
(104, 12, 1, 1, 100),
(105, 12, 2, 1, 100),
(106, 12, 3, 1, 100),
(107, 12, 4, 1, 100),
(108, 12, 5, 1, 100),
(109, 12, 6, 1, 100),
(110, 12, 7, 1, 100),
(111, 12, 8, 1, 100),
(112, 13, 1, 1, 100),
(113, 13, 2, 1, 100),
(114, 13, 3, 1, 100),
(115, 13, 4, 1, 100),
(116, 13, 5, 1, 100),
(117, 13, 6, 1, 100),
(118, 13, 7, 1, 100),
(119, 13, 8, 1, 100),
(120, 14, 1, 1, 100),
(121, 14, 2, 1, 100),
(122, 14, 3, 1, 100),
(123, 14, 4, 1, 100),
(124, 14, 5, 1, 100),
(125, 14, 6, 1, 100),
(126, 14, 7, 1, 100),
(127, 14, 8, 1, 100),
(128, 15, 1, 1, 100),
(129, 15, 2, 1, 100),
(130, 15, 3, 1, 100),
(131, 15, 4, 1, 100),
(132, 15, 5, 1, 100),
(133, 15, 6, 1, 100),
(134, 15, 7, 1, 100),
(135, 15, 8, 1, 100),
(136, 16, 1, 1, 100),
(137, 16, 2, 1, 100),
(138, 16, 3, 1, 100),
(139, 16, 4, 1, 100),
(140, 16, 5, 1, 100),
(141, 16, 6, 1, 100),
(142, 16, 7, 1, 100),
(143, 16, 8, 1, 100),
(144, 17, 1, 1, 100),
(145, 17, 2, 1, 100),
(146, 17, 3, 1, 100),
(147, 17, 4, 1, 100),
(148, 17, 5, 1, 100),
(149, 17, 6, 1, 100),
(150, 17, 7, 1, 100),
(151, 17, 8, 1, 100),
(152, 18, 1, 1, 100),
(153, 18, 2, 1, 100),
(154, 18, 3, 1, 100),
(155, 18, 4, 1, 100),
(156, 18, 5, 1, 100),
(157, 18, 6, 1, 100),
(158, 18, 7, 1, 100),
(159, 18, 8, 1, 100),
(160, 19, 1, 1, 100),
(161, 19, 2, 1, 100),
(162, 19, 3, 1, 100),
(163, 19, 4, 1, 100),
(164, 19, 5, 1, 100),
(165, 19, 6, 1, 100),
(166, 19, 7, 1, 100),
(167, 19, 8, 1, 100),
(168, 20, 1, 1, 100),
(169, 20, 2, 1, 100),
(170, 20, 3, 1, 100),
(171, 20, 4, 1, 100),
(172, 20, 5, 1, 100),
(173, 20, 6, 1, 100),
(174, 20, 7, 1, 100),
(175, 20, 8, 1, 100),
(176, 21, 1, 1, 100),
(177, 21, 2, 1, 100),
(178, 21, 3, 1, 100),
(179, 21, 4, 1, 100),
(180, 21, 5, 1, 100),
(181, 21, 6, 1, 100),
(182, 21, 7, 1, 100),
(183, 21, 8, 1, 100),
(184, 22, 1, 1, 100),
(185, 22, 2, 1, 100),
(186, 22, 3, 1, 100),
(187, 22, 4, 1, 100),
(188, 22, 5, 1, 100),
(189, 22, 6, 1, 100),
(190, 22, 7, 1, 100),
(191, 22, 8, 1, 100),
(192, 23, 1, 1, 100),
(193, 23, 4, 1, 100),
(194, 23, 7, 1, 100),
(195, 24, 1, 1, 70),
(196, 24, 1, 0, 30),
(197, 24, 2, 1, 70),
(198, 24, 2, 0, 30),
(199, 24, 7, 0, 30),
(200, 24, 8, 0, 30),
(201, 24, 3, 1, 70),
(202, 24, 3, 0, 30),
(203, 24, 4, 1, 70),
(204, 24, 4, 0, 30),
(205, 24, 5, 1, 70),
(206, 24, 5, 0, 30),
(207, 24, 6, 1, 70),
(208, 24, 6, 0, 30),
(209, 24, 7, 1, 70),
(210, 24, 8, 1, 70),
(211, 25, 1, 1, 100),
(212, 25, 2, 1, 100),
(213, 25, 3, 1, 100),
(214, 25, 4, 1, 100),
(215, 25, 5, 1, 100),
(216, 25, 6, 1, 100),
(217, 25, 7, 1, 100),
(218, 25, 8, 1, 100),
(219, 26, 1, 1, 100),
(220, 26, 2, 1, 100),
(221, 26, 3, 1, 100),
(222, 26, 4, 1, 100),
(223, 26, 5, 1, 100),
(224, 26, 6, 1, 100),
(225, 26, 7, 1, 100),
(226, 26, 8, 1, 100),
(227, 27, 1, 1, 100),
(228, 27, 2, 1, 100),
(229, 27, 3, 1, 100),
(230, 27, 4, 1, 100),
(231, 27, 5, 1, 100),
(232, 27, 6, 1, 100),
(233, 27, 7, 1, 100),
(234, 27, 8, 1, 100),
(235, 28, 1, 1, 100),
(236, 28, 2, 1, 100),
(237, 28, 3, 1, 100),
(238, 28, 4, 1, 100),
(239, 28, 5, 1, 100),
(240, 28, 6, 1, 100),
(241, 28, 7, 1, 100),
(242, 28, 8, 1, 100),
(243, 29, 1, 1, 100),
(244, 29, 2, 1, 100),
(245, 29, 3, 1, 100),
(246, 29, 4, 1, 100),
(247, 29, 5, 1, 100),
(248, 29, 6, 1, 100),
(249, 29, 7, 1, 100),
(250, 29, 8, 1, 100),
(251, 30, 1, 1, 100),
(252, 30, 2, 1, 100),
(253, 30, 3, 1, 100),
(254, 30, 4, 1, 100),
(255, 30, 5, 1, 100),
(256, 30, 6, 1, 100),
(257, 30, 7, 1, 100),
(258, 30, 8, 1, 100),
(259, 31, 1, 1, 70),
(260, 31, 1, 0, 30),
(261, 31, 2, 1, 70),
(262, 31, 2, 0, 30),
(263, 31, 7, 0, 30),
(264, 31, 8, 0, 30),
(265, 31, 3, 1, 70),
(266, 31, 3, 0, 30),
(267, 31, 4, 1, 70),
(268, 31, 4, 0, 30),
(269, 31, 5, 1, 70),
(270, 31, 5, 0, 30),
(271, 31, 6, 1, 70),
(272, 31, 6, 0, 30),
(273, 31, 7, 1, 70),
(274, 31, 8, 1, 70),
(275, 32, 1, 1, 100),
(276, 32, 2, 1, 100),
(277, 32, 3, 1, 100),
(278, 32, 4, 1, 100),
(279, 32, 5, 1, 100),
(280, 32, 6, 1, 100),
(281, 32, 7, 1, 100),
(282, 32, 8, 1, 100),
(283, 33, 1, 1, 100),
(284, 33, 2, 1, 100),
(285, 33, 3, 1, 100),
(286, 33, 4, 1, 100),
(287, 33, 5, 1, 100),
(288, 33, 6, 1, 100),
(289, 33, 7, 1, 100),
(290, 33, 8, 1, 100),
(291, 34, 1, 1, 100),
(292, 34, 2, 1, 100),
(293, 34, 3, 1, 100),
(294, 34, 4, 1, 100),
(295, 34, 5, 1, 100),
(296, 34, 6, 1, 100),
(297, 34, 7, 1, 100),
(298, 34, 8, 1, 100),
(299, 35, 1, 1, 100),
(300, 35, 2, 1, 100),
(301, 35, 3, 1, 100),
(302, 35, 4, 1, 100),
(303, 35, 5, 1, 100),
(304, 35, 6, 1, 100),
(305, 35, 7, 1, 100),
(306, 35, 8, 1, 100),
(307, 36, 1, 1, 100),
(308, 36, 2, 1, 100),
(309, 36, 3, 1, 100),
(310, 36, 4, 1, 100),
(311, 36, 5, 1, 100),
(312, 36, 6, 1, 100),
(313, 36, 7, 1, 100),
(314, 36, 8, 1, 100);

-- --------------------------------------------------------

--
-- Table structure for table `mounting_style`
--

CREATE TABLE `mounting_style` (
  `id` int(11) NOT NULL,
  `name` text NOT NULL,
  `imageUrl` text NOT NULL
) ENGINE=InnoDB DEFAULT CHARSET=utf8mb4 COLLATE=utf8mb4_general_ci;

--
-- Dumping data for table `mounting_style`
--

INSERT INTO `mounting_style` (`id`, `name`, `imageUrl`) VALUES
(1, 'Solitaire', 'main.jpg'),
(2, 'Accented', 'main.jpg'),
(3, 'Halo-style', 'main.jpg'),
(4, 'Three-stone', 'main.jpg');

-- --------------------------------------------------------

--
-- Table structure for table `mounting_type`
--

CREATE TABLE `mounting_type` (
  `id` int(11) NOT NULL,
  `name` text NOT NULL,
  `min_size` double NOT NULL,
  `max_size` double NOT NULL
) ENGINE=InnoDB DEFAULT CHARSET=utf8mb4 COLLATE=utf8mb4_general_ci;

--
-- Dumping data for table `mounting_type`
--

INSERT INTO `mounting_type` (`id`, `name`, `min_size`, `max_size`) VALUES
(1, 'Ring', 3, 13),
(2, 'Band', 3, 13),
(3, 'Pendant', 1, 4);

-- --------------------------------------------------------

--
-- Table structure for table `orders`
--

CREATE TABLE `orders` (
  `id` int(11) NOT NULL,
  `product_id` int(11) NOT NULL,
  `account_id` int(11) NOT NULL,
  `deposit_has_paid` double NOT NULL,
  `product_price` double NOT NULL,
  `profit_rate` double NOT NULL,
  `production_price` double NOT NULL,
  `total_price` double NOT NULL,
  `order_type_id` int(11) NOT NULL,
  `order_status_id` int(11) NOT NULL,
  `note` longtext DEFAULT NULL,
  `saleStaff_id` int(11) DEFAULT NULL,
  `designStaff_id` int(11) DEFAULT NULL,
  `productionStaff_id` int(11) DEFAULT NULL,
  `created` datetime NOT NULL,
  `delivery_date` datetime DEFAULT NULL,
  `guarantee_expired_date` datetime DEFAULT NULL
) ENGINE=InnoDB DEFAULT CHARSET=utf8mb4 COLLATE=utf8mb4_general_ci;

-- --------------------------------------------------------

--
-- Table structure for table `order_status`
--

CREATE TABLE `order_status` (
  `id` int(11) NOT NULL,
  `name` text NOT NULL
) ENGINE=InnoDB DEFAULT CHARSET=utf8mb4 COLLATE=utf8mb4_general_ci;

--
-- Dumping data for table `order_status`
--

INSERT INTO `order_status` (`id`, `name`) VALUES
(1, 'Deposit'),
(2, 'Designing'),
(3, 'Manufacturing'),
(4, 'Payment'),
(5, 'Delivery'),
(6, 'Received'),
(7, 'Cancel');

-- --------------------------------------------------------

--
-- Table structure for table `order_type`
--

CREATE TABLE `order_type` (
  `id` int(11) NOT NULL,
  `name` text NOT NULL
) ENGINE=InnoDB DEFAULT CHARSET=utf8mb4 COLLATE=utf8mb4_general_ci;

--
-- Dumping data for table `order_type`
--

INSERT INTO `order_type` (`id`, `name`) VALUES
(1, 'Template'),
(2, 'Customize');

-- --------------------------------------------------------

--
-- Table structure for table `password_reset_tokens`
--

CREATE TABLE `password_reset_tokens` (
  `email` varchar(255) NOT NULL,
  `token` varchar(255) NOT NULL,
  `created_at` timestamp NULL DEFAULT NULL
) ENGINE=InnoDB DEFAULT CHARSET=utf8mb4 COLLATE=utf8mb4_unicode_ci;

-- --------------------------------------------------------

--
-- Table structure for table `payment`
--

CREATE TABLE `payment` (
  `id` varchar(250) NOT NULL,
  `account_id` int(11) NOT NULL,
  `order_id` int(11) NOT NULL,
  `payment_type_id` int(11) NOT NULL,
  `isSuccess` tinyint(1) NOT NULL,
  `money` double NOT NULL,
  `created` datetime NOT NULL
) ENGINE=InnoDB DEFAULT CHARSET=utf8mb4 COLLATE=utf8mb4_general_ci;

-- --------------------------------------------------------

--
-- Table structure for table `payment_type`
--

CREATE TABLE `payment_type` (
  `id` int(11) NOT NULL,
  `name` text NOT NULL
) ENGINE=InnoDB DEFAULT CHARSET=utf8mb4 COLLATE=utf8mb4_general_ci;

--
-- Dumping data for table `payment_type`
--

INSERT INTO `payment_type` (`id`, `name`) VALUES
(1, 'Deposit\n'),
(2, 'Paid the rest\r\n');

-- --------------------------------------------------------

--
-- Table structure for table `product`
--

CREATE TABLE `product` (
  `id` int(11) NOT NULL,
  `imageUrl` text NOT NULL,
  `mounting_type_id` int(11) DEFAULT NULL,
  `model_id` int(11) DEFAULT NULL,
  `mounting_size` double DEFAULT NULL
) ENGINE=InnoDB DEFAULT CHARSET=utf8mb4 COLLATE=utf8mb4_general_ci;

-- --------------------------------------------------------

--
-- Table structure for table `production_process`
--

CREATE TABLE `production_process` (
  `id` int(11) NOT NULL,
  `order_id` int(11) NOT NULL,
  `production_status_id` int(11) NOT NULL,
  `imageUrl` text DEFAULT NULL,
  `created` datetime NOT NULL
) ENGINE=InnoDB DEFAULT CHARSET=utf8mb4 COLLATE=utf8mb4_general_ci;

-- --------------------------------------------------------

--
-- Table structure for table `production_status`
--

CREATE TABLE `production_status` (
  `id` int(11) NOT NULL,
  `name` text NOT NULL
) ENGINE=InnoDB DEFAULT CHARSET=utf8mb4 COLLATE=utf8mb4_general_ci;

--
-- Dumping data for table `production_status`
--

INSERT INTO `production_status` (`id`, `name`) VALUES
(1, 'Unrealized'),
(2, 'Casting'),
(3, 'Assembly'),
(4, 'Stone Setting'),
(5, 'Polishing'),
(6, 'Finished');

-- --------------------------------------------------------

--
-- Table structure for table `product_diamond`
--

CREATE TABLE `product_diamond` (
  `id` int(11) NOT NULL,
  `product_id` int(11) NOT NULL,
  `diamond_id` int(11) NOT NULL,
  `diamond_shape_id` int(11) NOT NULL,
  `count` int(11) NOT NULL,
  `price` double NOT NULL,
  `status` tinyint(1) NOT NULL
) ENGINE=InnoDB DEFAULT CHARSET=utf8mb4 COLLATE=utf8mb4_general_ci;

-- --------------------------------------------------------

--
-- Table structure for table `product_metal`
--

CREATE TABLE `product_metal` (
  `id` int(11) NOT NULL,
  `product_id` int(11) NOT NULL,
  `metal_id` int(11) NOT NULL,
  `volume` double NOT NULL,
  `weight` double NOT NULL,
  `status` tinyint(1) NOT NULL,
  `price` double NOT NULL
) ENGINE=InnoDB DEFAULT CHARSET=utf8mb4 COLLATE=utf8mb4_general_ci;

-- --------------------------------------------------------

--
-- Table structure for table `quote`
--

CREATE TABLE `quote` (
  `id` int(11) NOT NULL,
  `product_id` int(11) NOT NULL,
  `account_id` int(11) NOT NULL,
  `quote_status_id` int(11) NOT NULL,
  `product_price` double NOT NULL,
  `production_price` double NOT NULL,
  `profit_rate` double NOT NULL,
  `total_price` double NOT NULL,
  `note` longtext DEFAULT NULL,
  `saleStaff_id` int(11) DEFAULT NULL,
  `designStaff_id` int(11) DEFAULT NULL,
  `productionStaff_id` int(11) DEFAULT NULL,
  `created` datetime NOT NULL
) ENGINE=InnoDB DEFAULT CHARSET=utf8mb4 COLLATE=utf8mb4_general_ci;

-- --------------------------------------------------------

--
-- Table structure for table `quote_status`
--

CREATE TABLE `quote_status` (
  `id` int(11) NOT NULL,
  `name` text NOT NULL
) ENGINE=InnoDB DEFAULT CHARSET=utf8mb4 COLLATE=utf8mb4_general_ci;

--
-- Dumping data for table `quote_status`
--

INSERT INTO `quote_status` (`id`, `name`) VALUES
(1, 'Received'),
(2, 'Assigned'),
(3, 'Priced'),
(4, 'Completed'),
(5, 'Cancelled');

-- --------------------------------------------------------

--
-- Table structure for table `role`
--

CREATE TABLE `role` (
  `id` int(11) NOT NULL,
  `name` text NOT NULL
) ENGINE=InnoDB DEFAULT CHARSET=utf8mb4 COLLATE=utf8mb4_general_ci;

--
-- Dumping data for table `role`
--

INSERT INTO `role` (`id`, `name`) VALUES
(1, 'Manager'),
(2, 'Sale'),
(3, 'Design'),
(4, 'Production'),
(5, 'Customer');

-- --------------------------------------------------------

--
-- Table structure for table `sessions`
--

CREATE TABLE `sessions` (
  `id` varchar(255) NOT NULL,
  `user_id` bigint(20) UNSIGNED DEFAULT NULL,
  `ip_address` varchar(45) DEFAULT NULL,
  `user_agent` text DEFAULT NULL,
  `payload` longtext NOT NULL,
  `last_activity` int(11) NOT NULL
) ENGINE=InnoDB DEFAULT CHARSET=utf8mb4 COLLATE=utf8mb4_unicode_ci;

-- --------------------------------------------------------

--
-- Table structure for table `size_to_volume`
--

CREATE TABLE `size_to_volume` (
  `size` double NOT NULL,
  `volume` double NOT NULL,
  `update_date` datetime NOT NULL
) ENGINE=InnoDB DEFAULT CHARSET=utf8mb4 COLLATE=utf8mb4_general_ci;

--
-- Dumping data for table `size_to_volume`
--

INSERT INTO `size_to_volume` (`size`, `volume`, `update_date`) VALUES
(3, 603.19, '2024-06-15 00:00:00'),
(4, 633.35, '2024-06-15 00:00:00'),
(5, 663.5, '2024-06-15 00:00:00'),
(6, 695.55, '2024-06-15 00:00:00'),
(7, 727.59, '2024-06-15 00:00:00'),
(8, 761.52, '2024-06-15 00:00:00'),
(9, 791.68, '2024-06-15 00:00:00'),
(10, 821.84, '2024-06-15 00:00:00'),
(11, 852, '2024-06-15 00:00:00'),
(12, 882.16, '2024-06-15 00:00:00'),
(13, 912.32, '2024-06-15 00:00:00');

--
-- Indexes for dumped tables
--

--
-- Indexes for table `account`
--
ALTER TABLE `account`
  ADD PRIMARY KEY (`id`),
  ADD UNIQUE KEY `account_google_id_unique` (`google_id`),
  ADD KEY `_role` (`role_id`);

--
-- Indexes for table `cache`
--
ALTER TABLE `cache`
  ADD PRIMARY KEY (`key`);

--
-- Indexes for table `cache_locks`
--
ALTER TABLE `cache_locks`
  ADD PRIMARY KEY (`key`);

--
-- Indexes for table `design_process`
--
ALTER TABLE `design_process`
  ADD PRIMARY KEY (`id`),
  ADD KEY `mounting_type_` (`mounting_type_id`),
  ADD KEY `design_process_status_` (`design_process_status_id`),
  ADD KEY `orderss` (`order_id`);

--
-- Indexes for table `design_process_status`
--
ALTER TABLE `design_process_status`
  ADD PRIMARY KEY (`id`);

--
-- Indexes for table `diamond`
--
ALTER TABLE `diamond`
  ADD PRIMARY KEY (`id`),
  ADD KEY `diamond_color_id` (`diamond_color_id`),
  ADD KEY `diamond_origin_id` (`diamond_origin_id`),
  ADD KEY `cut_id` (`diamond_cut_id`),
  ADD KEY `clarity_ids` (`diamond_clarity_id`);

--
-- Indexes for table `diamond_clarity`
--
ALTER TABLE `diamond_clarity`
  ADD PRIMARY KEY (`id`);

--
-- Indexes for table `diamond_color`
--
ALTER TABLE `diamond_color`
  ADD PRIMARY KEY (`id`);

--
-- Indexes for table `diamond_cut`
--
ALTER TABLE `diamond_cut`
  ADD PRIMARY KEY (`id`);

--
-- Indexes for table `diamond_origin`
--
ALTER TABLE `diamond_origin`
  ADD PRIMARY KEY (`id`);

--
-- Indexes for table `diamond_shape`
--
ALTER TABLE `diamond_shape`
  ADD PRIMARY KEY (`id`);

--
-- Indexes for table `metal`
--
ALTER TABLE `metal`
  ADD PRIMARY KEY (`id`);

--
-- Indexes for table `metal_compatibility`
--
ALTER TABLE `metal_compatibility`
  ADD PRIMARY KEY (`Metal_id_1`,`Metal_id_2`),
  ADD KEY `metal2` (`Metal_id_2`);

--
-- Indexes for table `migrations`
--
ALTER TABLE `migrations`
  ADD PRIMARY KEY (`id`);

--
-- Indexes for table `model`
--
ALTER TABLE `model`
  ADD PRIMARY KEY (`id`),
  ADD KEY `mounting_style_` (`mounting_style_id`),
  ADD KEY `mounting_type_idd` (`mounting_type_id`);

--
-- Indexes for table `model_diamond`
--
ALTER TABLE `model_diamond`
  ADD PRIMARY KEY (`id`),
  ADD KEY `mounting_model_id_s` (`model_id`),
  ADD KEY `diamond_shapess` (`diamond_shape_id`);

--
-- Indexes for table `model_diamondshape`
--
ALTER TABLE `model_diamondshape`
  ADD PRIMARY KEY (`model_id`,`diamond_shape_id`),
  ADD KEY `_stone_shape_id_` (`diamond_shape_id`);

--
-- Indexes for table `model_metal`
--
ALTER TABLE `model_metal`
  ADD PRIMARY KEY (`id`),
  ADD KEY `Metal_ids` (`metal_id`),
  ADD KEY `mounting_model_S` (`model_id`);

--
-- Indexes for table `mounting_style`
--
ALTER TABLE `mounting_style`
  ADD PRIMARY KEY (`id`);

--
-- Indexes for table `mounting_type`
--
ALTER TABLE `mounting_type`
  ADD PRIMARY KEY (`id`);

--
-- Indexes for table `orders`
--
ALTER TABLE `orders`
  ADD PRIMARY KEY (`id`),
  ADD KEY `_order_status` (`order_status_id`),
  ADD KEY `product_` (`product_id`),
  ADD KEY `account_ids` (`account_id`),
  ADD KEY `order_type_` (`order_type_id`),
  ADD KEY `saless` (`saleStaff_id`),
  ADD KEY `designss` (`designStaff_id`),
  ADD KEY `productionss` (`productionStaff_id`);

--
-- Indexes for table `order_status`
--
ALTER TABLE `order_status`
  ADD PRIMARY KEY (`id`);

--
-- Indexes for table `order_type`
--
ALTER TABLE `order_type`
  ADD PRIMARY KEY (`id`);

--
-- Indexes for table `password_reset_tokens`
--
ALTER TABLE `password_reset_tokens`
  ADD PRIMARY KEY (`email`);

--
-- Indexes for table `payment`
--
ALTER TABLE `payment`
  ADD PRIMARY KEY (`id`),
  ADD KEY `account_id_` (`account_id`),
  ADD KEY `order_id_` (`order_id`),
  ADD KEY `payment_type_` (`payment_type_id`);

--
-- Indexes for table `payment_type`
--
ALTER TABLE `payment_type`
  ADD PRIMARY KEY (`id`);

--
-- Indexes for table `product`
--
ALTER TABLE `product`
  ADD PRIMARY KEY (`id`),
  ADD KEY `_mounting_type_id` (`mounting_type_id`),
  ADD KEY `_mounting_model_` (`model_id`);

--
-- Indexes for table `production_process`
--
ALTER TABLE `production_process`
  ADD PRIMARY KEY (`id`),
  ADD KEY `order_id` (`order_id`),
  ADD KEY `production_status_id` (`production_status_id`);

--
-- Indexes for table `production_status`
--
ALTER TABLE `production_status`
  ADD PRIMARY KEY (`id`);

--
-- Indexes for table `product_diamond`
--
ALTER TABLE `product_diamond`
  ADD PRIMARY KEY (`id`),
  ADD KEY `Product_idsss` (`product_id`),
  ADD KEY `Diamond_idss` (`diamond_id`),
  ADD KEY `diamond_shape_idss` (`diamond_shape_id`);

--
-- Indexes for table `product_metal`
--
ALTER TABLE `product_metal`
  ADD PRIMARY KEY (`id`),
  ADD KEY `metal__` (`metal_id`),
  ADD KEY `product_id` (`product_id`);

--
-- Indexes for table `quote`
--
ALTER TABLE `quote`
  ADD PRIMARY KEY (`id`),
  ADD KEY `_product` (`product_id`),
  ADD KEY `_quote_status` (`quote_status_id`),
  ADD KEY `account_id` (`account_id`);

--
-- Indexes for table `quote_status`
--
ALTER TABLE `quote_status`
  ADD PRIMARY KEY (`id`);

--
-- Indexes for table `role`
--
ALTER TABLE `role`
  ADD PRIMARY KEY (`id`);

--
-- Indexes for table `sessions`
--
ALTER TABLE `sessions`
  ADD PRIMARY KEY (`id`),
  ADD KEY `sessions_user_id_index` (`user_id`),
  ADD KEY `sessions_last_activity_index` (`last_activity`);

--
-- AUTO_INCREMENT for dumped tables
--

--
-- AUTO_INCREMENT for table `account`
--
ALTER TABLE `account`
  MODIFY `id` int(11) NOT NULL AUTO_INCREMENT, AUTO_INCREMENT=15;

--
-- AUTO_INCREMENT for table `design_process`
--
ALTER TABLE `design_process`
  MODIFY `id` int(11) NOT NULL AUTO_INCREMENT;

--
-- AUTO_INCREMENT for table `design_process_status`
--
ALTER TABLE `design_process_status`
  MODIFY `id` int(11) NOT NULL AUTO_INCREMENT, AUTO_INCREMENT=5;

--
-- AUTO_INCREMENT for table `diamond`
--
ALTER TABLE `diamond`
  MODIFY `id` int(11) NOT NULL AUTO_INCREMENT, AUTO_INCREMENT=161;

--
-- AUTO_INCREMENT for table `diamond_clarity`
--
ALTER TABLE `diamond_clarity`
  MODIFY `id` int(11) NOT NULL AUTO_INCREMENT, AUTO_INCREMENT=6;

--
-- AUTO_INCREMENT for table `diamond_color`
--
ALTER TABLE `diamond_color`
  MODIFY `id` int(11) NOT NULL AUTO_INCREMENT, AUTO_INCREMENT=5;

--
-- AUTO_INCREMENT for table `diamond_cut`
--
ALTER TABLE `diamond_cut`
  MODIFY `id` int(11) NOT NULL AUTO_INCREMENT, AUTO_INCREMENT=2;

--
-- AUTO_INCREMENT for table `diamond_origin`
--
ALTER TABLE `diamond_origin`
  MODIFY `id` int(11) NOT NULL AUTO_INCREMENT, AUTO_INCREMENT=3;

--
-- AUTO_INCREMENT for table `diamond_shape`
--
ALTER TABLE `diamond_shape`
  MODIFY `id` int(11) NOT NULL AUTO_INCREMENT, AUTO_INCREMENT=11;

--
-- AUTO_INCREMENT for table `metal`
--
ALTER TABLE `metal`
  MODIFY `id` int(11) NOT NULL AUTO_INCREMENT, AUTO_INCREMENT=9;

--
-- AUTO_INCREMENT for table `migrations`
--
ALTER TABLE `migrations`
  MODIFY `id` int(10) UNSIGNED NOT NULL AUTO_INCREMENT;

--
-- AUTO_INCREMENT for table `model`
--
ALTER TABLE `model`
  MODIFY `id` int(11) NOT NULL AUTO_INCREMENT, AUTO_INCREMENT=37;

--
-- AUTO_INCREMENT for table `model_diamond`
--
ALTER TABLE `model_diamond`
  MODIFY `id` int(11) NOT NULL AUTO_INCREMENT, AUTO_INCREMENT=54;

--
-- AUTO_INCREMENT for table `model_metal`
--
ALTER TABLE `model_metal`
  MODIFY `id` int(11) NOT NULL AUTO_INCREMENT, AUTO_INCREMENT=315;

--
-- AUTO_INCREMENT for table `mounting_style`
--
ALTER TABLE `mounting_style`
  MODIFY `id` int(11) NOT NULL AUTO_INCREMENT, AUTO_INCREMENT=5;

--
-- AUTO_INCREMENT for table `mounting_type`
--
ALTER TABLE `mounting_type`
  MODIFY `id` int(11) NOT NULL AUTO_INCREMENT, AUTO_INCREMENT=4;

--
-- AUTO_INCREMENT for table `orders`
--
ALTER TABLE `orders`
  MODIFY `id` int(11) NOT NULL AUTO_INCREMENT;

--
-- AUTO_INCREMENT for table `order_status`
--
ALTER TABLE `order_status`
  MODIFY `id` int(11) NOT NULL AUTO_INCREMENT, AUTO_INCREMENT=8;

--
-- AUTO_INCREMENT for table `order_type`
--
ALTER TABLE `order_type`
  MODIFY `id` int(11) NOT NULL AUTO_INCREMENT, AUTO_INCREMENT=3;

--
-- AUTO_INCREMENT for table `payment_type`
--
ALTER TABLE `payment_type`
  MODIFY `id` int(11) NOT NULL AUTO_INCREMENT, AUTO_INCREMENT=3;

--
-- AUTO_INCREMENT for table `product`
--
ALTER TABLE `product`
  MODIFY `id` int(11) NOT NULL AUTO_INCREMENT;

--
-- AUTO_INCREMENT for table `production_process`
--
ALTER TABLE `production_process`
  MODIFY `id` int(11) NOT NULL AUTO_INCREMENT;

--
-- AUTO_INCREMENT for table `production_status`
--
ALTER TABLE `production_status`
  MODIFY `id` int(11) NOT NULL AUTO_INCREMENT, AUTO_INCREMENT=7;

--
-- AUTO_INCREMENT for table `product_diamond`
--
ALTER TABLE `product_diamond`
  MODIFY `id` int(11) NOT NULL AUTO_INCREMENT;

--
-- AUTO_INCREMENT for table `product_metal`
--
ALTER TABLE `product_metal`
  MODIFY `id` int(11) NOT NULL AUTO_INCREMENT;

--
-- AUTO_INCREMENT for table `quote`
--
ALTER TABLE `quote`
  MODIFY `id` int(11) NOT NULL AUTO_INCREMENT;

--
-- AUTO_INCREMENT for table `quote_status`
--
ALTER TABLE `quote_status`
  MODIFY `id` int(11) NOT NULL AUTO_INCREMENT, AUTO_INCREMENT=6;

--
-- AUTO_INCREMENT for table `role`
--
ALTER TABLE `role`
  MODIFY `id` int(11) NOT NULL AUTO_INCREMENT, AUTO_INCREMENT=6;

--
-- Constraints for dumped tables
--

--
-- Constraints for table `account`
--
ALTER TABLE `account`
  ADD CONSTRAINT `_role` FOREIGN KEY (`role_id`) REFERENCES `role` (`id`);

--
-- Constraints for table `design_process`
--
ALTER TABLE `design_process`
  ADD CONSTRAINT `design_process_status_` FOREIGN KEY (`design_process_status_id`) REFERENCES `design_process_status` (`id`),
  ADD CONSTRAINT `mounting_type_` FOREIGN KEY (`mounting_type_id`) REFERENCES `mounting_type` (`id`),
  ADD CONSTRAINT `orderss` FOREIGN KEY (`order_id`) REFERENCES `orders` (`id`);

--
-- Constraints for table `diamond`
--
ALTER TABLE `diamond`
  ADD CONSTRAINT `clarity_ids` FOREIGN KEY (`diamond_clarity_id`) REFERENCES `diamond_clarity` (`id`),
  ADD CONSTRAINT `color` FOREIGN KEY (`diamond_color_id`) REFERENCES `diamond_color` (`id`),
  ADD CONSTRAINT `cut` FOREIGN KEY (`diamond_cut_id`) REFERENCES `diamond_cut` (`id`),
  ADD CONSTRAINT `origin` FOREIGN KEY (`diamond_origin_id`) REFERENCES `diamond_origin` (`id`);

--
-- Constraints for table `metal_compatibility`
--
ALTER TABLE `metal_compatibility`
  ADD CONSTRAINT `metal1` FOREIGN KEY (`Metal_id_1`) REFERENCES `metal` (`id`),
  ADD CONSTRAINT `metal2` FOREIGN KEY (`Metal_id_2`) REFERENCES `metal` (`id`);

--
-- Constraints for table `model`
--
ALTER TABLE `model`
  ADD CONSTRAINT `mounting_style_` FOREIGN KEY (`mounting_style_id`) REFERENCES `mounting_style` (`id`),
  ADD CONSTRAINT `mounting_type_idd` FOREIGN KEY (`mounting_type_id`) REFERENCES `mounting_type` (`id`);

--
-- Constraints for table `model_diamond`
--
ALTER TABLE `model_diamond`
  ADD CONSTRAINT `diamond_shapess` FOREIGN KEY (`diamond_shape_id`) REFERENCES `diamond_shape` (`id`),
  ADD CONSTRAINT `mounting_model_id_s` FOREIGN KEY (`model_id`) REFERENCES `model` (`id`);

--
-- Constraints for table `model_diamondshape`
--
ALTER TABLE `model_diamondshape`
  ADD CONSTRAINT `_stone_shape_id_` FOREIGN KEY (`diamond_shape_id`) REFERENCES `diamond_shape` (`id`),
  ADD CONSTRAINT `mounting_model_idss` FOREIGN KEY (`model_id`) REFERENCES `model` (`id`);

--
-- Constraints for table `model_metal`
--
ALTER TABLE `model_metal`
  ADD CONSTRAINT `Metal_ids` FOREIGN KEY (`metal_id`) REFERENCES `metal` (`id`),
  ADD CONSTRAINT `mounting_model_S` FOREIGN KEY (`model_id`) REFERENCES `model` (`id`);

--
-- Constraints for table `orders`
--
ALTER TABLE `orders`
  ADD CONSTRAINT `_order_status` FOREIGN KEY (`order_status_id`) REFERENCES `order_status` (`id`),
  ADD CONSTRAINT `account_ids` FOREIGN KEY (`account_id`) REFERENCES `account` (`id`),
  ADD CONSTRAINT `designss` FOREIGN KEY (`designStaff_id`) REFERENCES `account` (`id`),
  ADD CONSTRAINT `order_type_` FOREIGN KEY (`order_type_id`) REFERENCES `order_type` (`id`),
  ADD CONSTRAINT `product_` FOREIGN KEY (`product_id`) REFERENCES `product` (`id`),
  ADD CONSTRAINT `productionss` FOREIGN KEY (`productionStaff_id`) REFERENCES `account` (`id`),
  ADD CONSTRAINT `saless` FOREIGN KEY (`saleStaff_id`) REFERENCES `account` (`id`);

--
-- Constraints for table `payment`
--
ALTER TABLE `payment`
  ADD CONSTRAINT `account_id_` FOREIGN KEY (`account_id`) REFERENCES `account` (`id`),
  ADD CONSTRAINT `order_id_` FOREIGN KEY (`order_id`) REFERENCES `orders` (`id`),
  ADD CONSTRAINT `payment_type_` FOREIGN KEY (`payment_type_id`) REFERENCES `payment_type` (`id`);

--
-- Constraints for table `product`
--
ALTER TABLE `product`
  ADD CONSTRAINT `_mounting_model_` FOREIGN KEY (`model_id`) REFERENCES `model` (`id`),
  ADD CONSTRAINT `_mounting_type_id` FOREIGN KEY (`mounting_type_id`) REFERENCES `mounting_type` (`id`);

--
-- Constraints for table `production_process`
--
ALTER TABLE `production_process`
  ADD CONSTRAINT `order_id` FOREIGN KEY (`order_id`) REFERENCES `orders` (`id`),
  ADD CONSTRAINT `production_status_id` FOREIGN KEY (`production_status_id`) REFERENCES `production_status` (`id`);

--
-- Constraints for table `product_diamond`
--
ALTER TABLE `product_diamond`
  ADD CONSTRAINT `Diamond_idss` FOREIGN KEY (`diamond_id`) REFERENCES `diamond` (`id`),
  ADD CONSTRAINT `Product_idsss` FOREIGN KEY (`product_id`) REFERENCES `product` (`id`),
  ADD CONSTRAINT `diamond_shape_idss` FOREIGN KEY (`diamond_shape_id`) REFERENCES `diamond_shape` (`id`);

--
-- Constraints for table `product_metal`
--
ALTER TABLE `product_metal`
  ADD CONSTRAINT `metal__` FOREIGN KEY (`metal_id`) REFERENCES `metal` (`id`),
  ADD CONSTRAINT `product_id_` FOREIGN KEY (`product_id`) REFERENCES `product` (`id`);

--
-- Constraints for table `quote`
--
ALTER TABLE `quote`
  ADD CONSTRAINT `_product` FOREIGN KEY (`product_id`) REFERENCES `product` (`id`),
  ADD CONSTRAINT `_quote_status` FOREIGN KEY (`quote_status_id`) REFERENCES `quote_status` (`id`),
  ADD CONSTRAINT `account_id` FOREIGN KEY (`account_id`) REFERENCES `account` (`id`);
COMMIT;

/*!40101 SET CHARACTER_SET_CLIENT=@OLD_CHARACTER_SET_CLIENT */;
/*!40101 SET CHARACTER_SET_RESULTS=@OLD_CHARACTER_SET_RESULTS */;
/*!40101 SET COLLATION_CONNECTION=@OLD_COLLATION_CONNECTION */;
